"panel_name","first_name","second_name","affiliation","year","url"
"Strojírenství","Lubomír","Antoš","ŠKODA AUTO Vysoká škola Mladá Boleslav",2007,"https://wayback.webarchiv.cz/wayback/20071007210841/http://pala.gacr.cas.cz/wordpress/"
"Strojírenství","Jan","Čermák","České vysoké učení technické v Praze Fakulta strojní Praha 6",2007,"https://wayback.webarchiv.cz/wayback/20071007210841/http://pala.gacr.cas.cz/wordpress/"
"Strojírenství","Tomáš","Dlouhý","České vysoké učení technické v Praze Fakulta strojní Praha 6",2007,"https://wayback.webarchiv.cz/wayback/20071007210841/http://pala.gacr.cas.cz/wordpress/"
"Strojírenství","Zdeněk","Knésl","Ústav fyziky materiálů AV ČR, Brno",2007,"https://wayback.webarchiv.cz/wayback/20071007210841/http://pala.gacr.cas.cz/wordpress/"
"Strojírenství","Vladislav","Laš","Západočeská univerzita v Plzni Fakulta aplikovaných věd Plzeň",2007,"https://wayback.webarchiv.cz/wayback/20071007210841/http://pala.gacr.cas.cz/wordpress/"
"Strojírenství","Jan","Melichar","České vysoké učení technické v Praze Fakulta strojní Praha 6",2007,"https://wayback.webarchiv.cz/wayback/20071007210841/http://pala.gacr.cas.cz/wordpress/"
"Strojírenství","Pavel","Noskievič","Vysoká škola báňská - Technická univerzita Ostrava Výzkumné energetické centrum Ostrava - Poruba",2007,"https://wayback.webarchiv.cz/wayback/20071007210841/http://pala.gacr.cas.cz/wordpress/"
"Strojírenství","Bohumil","Pacal","Vysoké učení technické v Brně Fakulta strojního inženýrství Brno",2007,"https://wayback.webarchiv.cz/wayback/20071007210841/http://pala.gacr.cas.cz/wordpress/"
"Strojírenství","František","Pochylý","Vysoké učení technické v Brně Fakulta strojního inženýrství Brno",2007,"https://wayback.webarchiv.cz/wayback/20071007210841/http://pala.gacr.cas.cz/wordpress/"
"Strojírenství","Pavel","Polach","Škoda výzkum Plzeň",2007,"https://wayback.webarchiv.cz/wayback/20071007210841/http://pala.gacr.cas.cz/wordpress/"
"Strojírenství","Jaromír","Příhoda","Ústav termomechaniky AV ČR, Praha 8",2007,"https://wayback.webarchiv.cz/wayback/20071007210841/http://pala.gacr.cas.cz/wordpress/"
"Strojírenství","Ladislav","Půst","Ústav termomechaniky AV ČR, Praha 8",2007,"https://wayback.webarchiv.cz/wayback/20071007210841/http://pala.gacr.cas.cz/wordpress/"
"Strojírenství","Aleš","Richter","Technická univerzita v Liberci Fakulta mechatroniky a mezioborových inženýrských studií Liberec 1",2007,"https://wayback.webarchiv.cz/wayback/20071007210841/http://pala.gacr.cas.cz/wordpress/"
"Strojírenství","Milan","Růžička","České vysoké učení technické v Praze Fakulta strojní Praha 6",2007,"https://wayback.webarchiv.cz/wayback/20071007210841/http://pala.gacr.cas.cz/wordpress/"
"Strojírenství","Jan","Skalla","Technická univerzita v Liberci Fakulta strojní Liberec 1",2007,"https://wayback.webarchiv.cz/wayback/20071007210841/http://pala.gacr.cas.cz/wordpress/"
"Strojírenství","Jiří","Stodola","Ministerstvo obrany Univerzita obrany Brno",2007,"https://wayback.webarchiv.cz/wayback/20071007210841/http://pala.gacr.cas.cz/wordpress/"
"Strojírenství","Jiří","Tůma","Vysoká škola báňská - Technická univerzita Ostrava Fakulta strojní Ostrava",2007,"https://wayback.webarchiv.cz/wayback/20071007210841/http://pala.gacr.cas.cz/wordpress/"
"Strojírenství","Jaroslav","Zapoměl","Vysoká škola báňská - Technická univerzita Ostrava Fakulta strojní Ostrava",2007,"https://wayback.webarchiv.cz/wayback/20071007210841/http://pala.gacr.cas.cz/wordpress/"
"Elektrotechnika a kybernetika","Josef","Halámek","Ústav přístrojové techniky AV ČR, Brno",2007,"https://wayback.webarchiv.cz/wayback/20071007210841/http://pala.gacr.cas.cz/wordpress/"
"Elektrotechnika a kybernetika","Václav","Havlíček","České vysoké učení technické v Praze Fakulta elektrotechnická Praha 6",2007,"https://wayback.webarchiv.cz/wayback/20071007210841/http://pala.gacr.cas.cz/wordpress/"
"Elektrotechnika a kybernetika","Pavel","Honzátko","Ústav fotoniky a elektroniky AV ČR, Praha 8 - Kobylisy",2007,"https://wayback.webarchiv.cz/wayback/20071007210841/http://pala.gacr.cas.cz/wordpress/"
"Elektrotechnika a kybernetika","Jan","Honzík","Vysoké učení technické v Brně Fakulta informačních technologií Brno",2007,"https://wayback.webarchiv.cz/wayback/20071007210841/http://pala.gacr.cas.cz/wordpress/"
"Elektrotechnika a kybernetika","Vojtěch","Konopa","Technická univerzita v Liberci Liberec 1",2007,"https://wayback.webarchiv.cz/wayback/20071007210841/http://pala.gacr.cas.cz/wordpress/"
"Elektrotechnika a kybernetika","Zdeněk","Kotásek","Vysoké učení technické v Brně Fakulta informačních technologií Brno",2007,"https://wayback.webarchiv.cz/wayback/20071007210841/http://pala.gacr.cas.cz/wordpress/"
"Elektrotechnika a kybernetika","Anna","Kotlanová","Západočeská univerzita v Plzni Fakulta elektrotechnická Plzeň",2007,"https://wayback.webarchiv.cz/wayback/20071007210841/http://pala.gacr.cas.cz/wordpress/"
"Elektrotechnika a kybernetika","Václav","Kubeček","České vysoké učení technické v Praze Fakulta jaderná a fyzikálně inženýrská Praha 1",2007,"https://wayback.webarchiv.cz/wayback/20071007210841/http://pala.gacr.cas.cz/wordpress/"
"Elektrotechnika a kybernetika","Jaroslav","Nosek","Technická univerzita v Liberci Fakulta mechatroniky a mezioborových inženýrských studií Liberec 1",2007,"https://wayback.webarchiv.cz/wayback/20071007210841/http://pala.gacr.cas.cz/wordpress/"
"Elektrotechnika a kybernetika","Miroslav","Pokorný","Vysoká škola báňská - Technická univerzita Ostrava Fakulta elektrotechniky a informatiky Ostrava 4",2007,"https://wayback.webarchiv.cz/wayback/20071007210841/http://pala.gacr.cas.cz/wordpress/"
"Elektrotechnika a kybernetika","Václav","Přenosil","Masarykova univerzita Fakulta informatiky Brno",2007,"https://wayback.webarchiv.cz/wayback/20071007210841/http://pala.gacr.cas.cz/wordpress/"
"Elektrotechnika a kybernetika","Vladimír","Schejbal","Univerzita Pardubice Dopravní fakulta Jana Pernera Pardubice",2007,"https://wayback.webarchiv.cz/wayback/20071007210841/http://pala.gacr.cas.cz/wordpress/"
"Elektrotechnika a kybernetika","Luděk","Schreier","Ústav termomechaniky AV ČR, Praha 8",2007,"https://wayback.webarchiv.cz/wayback/20071007210841/http://pala.gacr.cas.cz/wordpress/"
"Elektrotechnika a kybernetika","Václav","Šebesta","Ústav informatiky AV ČR, Praha 8 - Libeň",2007,"https://wayback.webarchiv.cz/wayback/20071007210841/http://pala.gacr.cas.cz/wordpress/"
"Elektrotechnika a kybernetika","Miroslav","Šimandl","Západočeská univerzita v Plzni Fakulta aplikovaných věd Plzeň",2007,"https://wayback.webarchiv.cz/wayback/20071007210841/http://pala.gacr.cas.cz/wordpress/"
"Elektrotechnika a kybernetika","Zdeněk","Votruba","České vysoké učení technické v Praze Fakulta dopravní Praha 1",2007,"https://wayback.webarchiv.cz/wayback/20071007210841/http://pala.gacr.cas.cz/wordpress/"
"Elektrotechnika a kybernetika","Jan","Vrba","České vysoké učení technické v Praze Fakulta elektrotechnická Praha 6",2007,"https://wayback.webarchiv.cz/wayback/20071007210841/http://pala.gacr.cas.cz/wordpress/"
"Elektrotechnika a kybernetika","Radimír","Vrba","Vysoké učení technické v Brně Fakulta elektrotechniky a komunikačních technologií Brno",2007,"https://wayback.webarchiv.cz/wayback/20071007210841/http://pala.gacr.cas.cz/wordpress/"
"Elektrotechnika a kybernetika","Petr","Zagalak","Ústav teorie informace a automatizace AV ČR, Praha 8",2007,"https://wayback.webarchiv.cz/wayback/20071007210841/http://pala.gacr.cas.cz/wordpress/"
"Stavebnictví, architektura a doprava","Vlastimil","Bílek","Železniční průmyslová stavební výroba Brno",2007,"https://wayback.webarchiv.cz/wayback/20071007210841/http://pala.gacr.cas.cz/wordpress/"
"Stavebnictví, architektura a doprava","Petr","Bouška","České vysoké učení technické v Praze Kloknerův ústav Praha 6",2007,"https://wayback.webarchiv.cz/wayback/20071007210841/http://pala.gacr.cas.cz/wordpress/"
"Stavebnictví, architektura a doprava","Milena","Císlerová","České vysoké učení technické v Praze Fakulta stavební Praha 6",2007,"https://wayback.webarchiv.cz/wayback/20071007210841/http://pala.gacr.cas.cz/wordpress/"
"Stavebnictví, architektura a doprava","Rostislav","Drochytka","Vysoké učení technické v Brně Fakulta stavební Brno",2007,"https://wayback.webarchiv.cz/wayback/20071007210841/http://pala.gacr.cas.cz/wordpress/"
"Stavebnictví, architektura a doprava","Zdeněk","Chára","Ústav pro hydrodynamiku AV ČR, Praha 6",2007,"https://wayback.webarchiv.cz/wayback/20071007210841/http://pala.gacr.cas.cz/wordpress/"
"Stavebnictví, architektura a doprava","Vladimír","Křístek","České vysoké učení technické v Praze Fakulta stavební Praha 6",2007,"https://wayback.webarchiv.cz/wayback/20071007210841/http://pala.gacr.cas.cz/wordpress/"
"Stavebnictví, architektura a doprava","Bohumil","Kubát","České vysoké učení technické v Praze Fakulta dopravní Praha 1",2007,"https://wayback.webarchiv.cz/wayback/20071007210841/http://pala.gacr.cas.cz/wordpress/"
"Stavebnictví, architektura a doprava","Alois","Materna",",MBA Vysoká škola báňská - Technická univerzita Ostrava Fakulta stavební Ostrava - Poruba",2007,"https://wayback.webarchiv.cz/wayback/20071007210841/http://pala.gacr.cas.cz/wordpress/"
"Stavebnictví, architektura a doprava","Jindřich","Melcher","Vysoké učení technické v Brně Fakulta stavební Brno",2007,"https://wayback.webarchiv.cz/wayback/20071007210841/http://pala.gacr.cas.cz/wordpress/"
"Stavebnictví, architektura a doprava","Vlastislav","Mojžíš","Univerzita Pardubice Dopravní fakulta Jana Pernera Pardubice",2007,"https://wayback.webarchiv.cz/wayback/20071007210841/http://pala.gacr.cas.cz/wordpress/"
"Stavebnictví, architektura a doprava","Jiří","Náprstek","Ústav teoretické a aplikované mechaniky AV ČR, Praha 9",2007,"https://wayback.webarchiv.cz/wayback/20071007210841/http://pala.gacr.cas.cz/wordpress/"
"Stavebnictví, architektura a doprava","Alexandr","Rozsypal","Stavební geologie - Geotechnika, Praha 5",2007,"https://wayback.webarchiv.cz/wayback/20071007210841/http://pala.gacr.cas.cz/wordpress/"
"Stavebnictví, architektura a doprava","Pavel","Šaradín","Univerzita Pardubice Dopravní fakulta Jana Pernera Pardubice",2007,"https://wayback.webarchiv.cz/wayback/20071007210841/http://pala.gacr.cas.cz/wordpress/"
"Stavebnictví, architektura a doprava","Jiljí","Šindlar","Vysoké učení technické v Brně Fakulta architektury Brno",2007,"https://wayback.webarchiv.cz/wayback/20071007210841/http://pala.gacr.cas.cz/wordpress/"
"Stavebnictví, architektura a doprava","Petr","Škapa","Vysoká škola báňská - Technická univerzita Ostrava Fakulta strojní Ostrava",2007,"https://wayback.webarchiv.cz/wayback/20071007210841/http://pala.gacr.cas.cz/wordpress/"
"Stavebnictví, architektura a doprava","Jan","Šulc","Vysoké učení technické v Brně Fakulta stavební Brno",2007,"https://wayback.webarchiv.cz/wayback/20071007210841/http://pala.gacr.cas.cz/wordpress/"
"Stavebnictví, architektura a doprava","Ivan","Vaníček","České vysoké učení technické v Praze Fakulta stavební Praha 6",2007,"https://wayback.webarchiv.cz/wayback/20071007210841/http://pala.gacr.cas.cz/wordpress/"
"Stavebnictví, architektura a doprava","Pavel","Vlasák","Ústav pro hydrodynamiku AV ČR, Praha 6",2007,"https://wayback.webarchiv.cz/wayback/20071007210841/http://pala.gacr.cas.cz/wordpress/"
"Technická chemie","Jaroslav","Cihlář","Vysoké učení technické v Brně Fakulta strojního inženýrství Brno",2007,"https://wayback.webarchiv.cz/wayback/20071007210841/http://pala.gacr.cas.cz/wordpress/"
"Technická chemie","Jiří","Čejka","Ústav fyzikální chemie Heyrovského AV ČR, Praha 8",2007,"https://wayback.webarchiv.cz/wayback/20071007210841/http://pala.gacr.cas.cz/wordpress/"
"Technická chemie","Libor","Červený","Vysoká škola chemicko-technologická v Praze Fakulta chemické technologie Praha 6",2007,"https://wayback.webarchiv.cz/wayback/20071007210841/http://pala.gacr.cas.cz/wordpress/"
"Technická chemie","Jiří","Hostomský","Ústav anorganické chemie AV ČR, Husinec-Řež",2007,"https://wayback.webarchiv.cz/wayback/20071007210841/http://pala.gacr.cas.cz/wordpress/"
"Technická chemie","Jitka","Jandová","Vysoká škola chemicko-technologická v Praze Fakulta chemické technologie Praha 6",2007,"https://wayback.webarchiv.cz/wayback/20071007210841/http://pala.gacr.cas.cz/wordpress/"
"Technická chemie","Josef","Janků","Vysoká škola chemicko-technologická v Praze Fakulta technologie ochrany prostředí Praha 6",2007,"https://wayback.webarchiv.cz/wayback/20071007210841/http://pala.gacr.cas.cz/wordpress/"
"Technická chemie","Karel","Jindřich","Státní úřad pro jadernou bezpečnost Praha 1",2007,"https://wayback.webarchiv.cz/wayback/20071007210841/http://pala.gacr.cas.cz/wordpress/"
"Technická chemie","Petr","Kalenda","Univerzita Pardubice Fakulta chemicko-technologická Pardubice",2007,"https://wayback.webarchiv.cz/wayback/20071007210841/http://pala.gacr.cas.cz/wordpress/"
"Technická chemie","Ladislav","Koudelka","Univerzita Pardubice Fakulta chemicko-technologická Pardubice",2007,"https://wayback.webarchiv.cz/wayback/20071007210841/http://pala.gacr.cas.cz/wordpress/"
"Technická chemie","Zdeněk","Kruliš","Ústav makromolekulární chemie AV ČR, Praha 6",2007,"https://wayback.webarchiv.cz/wayback/20071007210841/http://pala.gacr.cas.cz/wordpress/"
"Technická chemie","Ivan","Mašek","Vysoké učení technické v Brně Fakulta chemická Brno",2007,"https://wayback.webarchiv.cz/wayback/20071007210841/http://pala.gacr.cas.cz/wordpress/"
"Technická chemie","Petr","Mikulášek","Univerzita Pardubice Fakulta chemicko-technologická Pardubice",2007,"https://wayback.webarchiv.cz/wayback/20071007210841/http://pala.gacr.cas.cz/wordpress/"
"Technická chemie","Miroslav","Punčochář","Ústav chemických procesů AV ČR, Praha 6",2007,"https://wayback.webarchiv.cz/wayback/20071007210841/http://pala.gacr.cas.cz/wordpress/"
"Technická chemie","Jan","Uhlíř","Ústav jaderného výzkumu Řež, Řež",2007,"https://wayback.webarchiv.cz/wayback/20071007210841/http://pala.gacr.cas.cz/wordpress/"
"Technická chemie","Michal","Veselý","Vysoké učení technické v Brně Fakulta chemická Brno",2007,"https://wayback.webarchiv.cz/wayback/20071007210841/http://pala.gacr.cas.cz/wordpress/"
"Technická chemie","Jana","Zábranská","Vysoká škola chemicko-technologická v Praze Fakulta technologie ochrany prostředí Praha 6",2007,"https://wayback.webarchiv.cz/wayback/20071007210841/http://pala.gacr.cas.cz/wordpress/"
"Hornictví","Jaroslav","Dvořáček","Vysoká škola báňská - Technická univerzita Ostrava Hornicko-geologická fakulta Ostrava 4",2007,"https://wayback.webarchiv.cz/wayback/20071007210841/http://pala.gacr.cas.cz/wordpress/"
"Hornictví","František","Fraus","Geotechnika a báňské inženýrství Fraus a Březová u Sokolova",2007,"https://wayback.webarchiv.cz/wayback/20071007210841/http://pala.gacr.cas.cz/wordpress/"
"Hornictví","Vlastimil","Hudeček","Vysoká škola báňská - Technická univerzita Ostrava Hornicko-geologická fakulta Ostrava 4",2007,"https://wayback.webarchiv.cz/wayback/20071007210841/http://pala.gacr.cas.cz/wordpress/"
"Hornictví","Petr","Konečný","Ústav geoniky AV ČR, Ostrava - Poruba",2007,"https://wayback.webarchiv.cz/wayback/20071007210841/http://pala.gacr.cas.cz/wordpress/"
"Hornictví","Vladimír","Slivka","Vysoká škola báňská - Technická univerzita Ostrava Hornicko-geologická fakulta Ostrava 4",2007,"https://wayback.webarchiv.cz/wayback/20071007210841/http://pala.gacr.cas.cz/wordpress/"
"Hornictví","Marcela","Šafářová","Výzkumný ústav pro hnědé uhlí, Most",2007,"https://wayback.webarchiv.cz/wayback/20071007210841/http://pala.gacr.cas.cz/wordpress/"
"Hornictví","Josef","Valeš","Výzkumný ústav pro hnědé uhlí, Most",2007,"https://wayback.webarchiv.cz/wayback/20071007210841/http://pala.gacr.cas.cz/wordpress/"
"Hornictví","Petr","Welser","Ostravsko-karvinské doly, Důl Paskov Staříč",2007,"https://wayback.webarchiv.cz/wayback/20071007210841/http://pala.gacr.cas.cz/wordpress/"
"Hutnictví a materiálové inženýrství","František","Černý","České vysoké učení technické v Praze Fakulta strojní Praha 6",2007,"https://wayback.webarchiv.cz/wayback/20071007210841/http://pala.gacr.cas.cz/wordpress/"
"Hutnictví a materiálové inženýrství","Jana","Dobrovská","Vysoká škola báňská - Technická univerzita Ostrava Fakulta metalurgie a materiálového inženýrství Ostrava-Poruba",2007,"https://wayback.webarchiv.cz/wayback/20071007210841/http://pala.gacr.cas.cz/wordpress/"
"Hutnictví a materiálové inženýrství","Vladimír","Hanykýř","Vysoká škola chemicko-technologická v Praze Fakulta chemické technologie Praha 6",2007,"https://wayback.webarchiv.cz/wayback/20071007210841/http://pala.gacr.cas.cz/wordpress/"
"Hutnictví a materiálové inženýrství","František","Hnilica","ÚJP Praha Praha 5 - Zbraslav",2007,"https://wayback.webarchiv.cz/wayback/20071007210841/http://pala.gacr.cas.cz/wordpress/"
"Hutnictví a materiálové inženýrství","Jiří","Kliber","Vysoká škola báňská - Technická univerzita Ostrava Fakulta metalurgie a materiálového inženýrství Ostrava-Poruba",2007,"https://wayback.webarchiv.cz/wayback/20071007210841/http://pala.gacr.cas.cz/wordpress/"
"Hutnictví a materiálové inženýrství","Jan","Kolařík","Ústav makromolekulární chemie AV ČR, Praha 6",2007,"https://wayback.webarchiv.cz/wayback/20071007210841/http://pala.gacr.cas.cz/wordpress/"
"Hutnictví a materiálové inženýrství","Jiří","Krejčík","SVÚM , Praha 9 - Běchovice",2007,"https://wayback.webarchiv.cz/wayback/20071007210841/http://pala.gacr.cas.cz/wordpress/"
"Hutnictví a materiálové inženýrství","Pavel","Lukáč","Univerzita Karlova v Praze Matematicko-fyzikální fakulta Praha 2",2007,"https://wayback.webarchiv.cz/wayback/20071007210841/http://pala.gacr.cas.cz/wordpress/"
"Hutnictví a materiálové inženýrství","Karel","Matocha","VÍTKOVICE - Výzkum a vývoj, s Ostrava - Vítkovice",2007,"https://wayback.webarchiv.cz/wayback/20071007210841/http://pala.gacr.cas.cz/wordpress/"
"Hutnictví a materiálové inženýrství","Iva","Nová","Technická univerzita v Liberci Fakulta strojní Liberec 1",2007,"https://wayback.webarchiv.cz/wayback/20071007210841/http://pala.gacr.cas.cz/wordpress/"
"Hutnictví a materiálové inženýrství","Vladivoj","Očenášek","VÚK Panenské Břežany, Odolena Voda",2007,"https://wayback.webarchiv.cz/wayback/20071007210841/http://pala.gacr.cas.cz/wordpress/"
"Hutnictví a materiálové inženýrství","Františka","Pešlová","České vysoké učení technické v Praze Fakulta strojní Praha 2",2007,"https://wayback.webarchiv.cz/wayback/20071007210841/http://pala.gacr.cas.cz/wordpress/"
"Hutnictví a materiálové inženýrství","Jaroslav","Pokluda","Vysoké učení technické v Brně Fakulta strojního inženýrství Brno",2007,"https://wayback.webarchiv.cz/wayback/20071007210841/http://pala.gacr.cas.cz/wordpress/"
"Hutnictví a materiálové inženýrství","Jaroslav","Polák","Ústav fyziky materiálů AV ČR, Brno",2007,"https://wayback.webarchiv.cz/wayback/20071007210841/http://pala.gacr.cas.cz/wordpress/"
"Hutnictví a materiálové inženýrství","Josef","Rosenberg","Západočeská univerzita v Plzni Fakulta aplikovaných věd Plzeň",2007,"https://wayback.webarchiv.cz/wayback/20071007210841/http://pala.gacr.cas.cz/wordpress/"
"Hutnictví a materiálové inženýrství","Jan","Siegl","České vysoké učení technické v Praze Fakulta jaderná a fyzikálně inženýrská Praha 2",2007,"https://wayback.webarchiv.cz/wayback/20071007210841/http://pala.gacr.cas.cz/wordpress/"
"Hutnictví a materiálové inženýrství","Josef","Steidl","České vysoké učení technické v Praze Fakulta strojní Praha 6",2007,"https://wayback.webarchiv.cz/wayback/20071007210841/http://pala.gacr.cas.cz/wordpress/"
"Hutnictví a materiálové inženýrství","Jiří","Šejnoha","České vysoké učení technické v Praze Fakulta stavební Praha 6",2007,"https://wayback.webarchiv.cz/wayback/20071007210841/http://pala.gacr.cas.cz/wordpress/"
"Hutnictví a materiálové inženýrství","Petr","Špatenka","Technická univerzita v Liberci Fakulta strojní Liberec 1",2007,"https://wayback.webarchiv.cz/wayback/20071007210841/http://pala.gacr.cas.cz/wordpress/"
"Hutnictví a materiálové inženýrství","Bohumil","Vlach","Vysoké učení technické v Brně Fakulta strojního inženýrství Brno",2007,"https://wayback.webarchiv.cz/wayback/20071007210841/http://pala.gacr.cas.cz/wordpress/"
"Hutnictví a materiálové inženýrství","Jan","Vřešťál","Masarykova univerzita Přírodovědecká fakulta Brno",2007,"https://wayback.webarchiv.cz/wayback/20071007210841/http://pala.gacr.cas.cz/wordpress/"
"Hutnictví a materiálové inženýrství","Zuzana","Weishauptová","Ústav struktury a mechaniky hornin AV ČR, Praha 8",2007,"https://wayback.webarchiv.cz/wayback/20071007210841/http://pala.gacr.cas.cz/wordpress/"
"201 Matematika a informatika","Miroslav","Brzezina","Technická univerzita v Liberci Liberec 1",2007,"https://wayback.webarchiv.cz/wayback/20071007210841/http://pala.gacr.cas.cz/wordpress/"
"201 Matematika a informatika","Ondřej","Došlý","Masarykova univerzita Přírodovědecká fakulta Brno",2007,"https://wayback.webarchiv.cz/wayback/20071007210841/http://pala.gacr.cas.cz/wordpress/"
"201 Matematika a informatika","Martin","Janžura","Ústav teorie informace a automatizace AV ČR, Praha 8",2007,"https://wayback.webarchiv.cz/wayback/20071007210841/http://pala.gacr.cas.cz/wordpress/"
"201 Matematika a informatika","Jana","Jurečková","Univerzita Karlova v Praze Matematicko-fyzikální fakulta Praha 8",2007,"https://wayback.webarchiv.cz/wayback/20071007210841/http://pala.gacr.cas.cz/wordpress/"
"201 Matematika a informatika","Jozef","Kelemen","Slezská univerzita v Opavě Filozoficko-přírodovědecká fakulta Opava",2007,"https://wayback.webarchiv.cz/wayback/20071007210841/http://pala.gacr.cas.cz/wordpress/"
"201 Matematika a informatika","Karel","Kozel","České vysoké učení technické v Praze Fakulta strojní Praha 2",2007,"https://wayback.webarchiv.cz/wayback/20071007210841/http://pala.gacr.cas.cz/wordpress/"
"201 Matematika a informatika","Mojmír","Křetínský","Masarykova univerzita Fakulta informatiky Brno",2007,"https://wayback.webarchiv.cz/wayback/20071007210841/http://pala.gacr.cas.cz/wordpress/"
"201 Matematika a informatika","Radan","Kučera","Masarykova univerzita Přírodovědecká fakulta Brno",2007,"https://wayback.webarchiv.cz/wayback/20071007210841/http://pala.gacr.cas.cz/wordpress/"
"201 Matematika a informatika","Alois","Kufner","Matematický ústav AV ČR, Praha 1",2007,"https://wayback.webarchiv.cz/wayback/20071007210841/http://pala.gacr.cas.cz/wordpress/"
"201 Matematika a informatika","Luboš","Pick","Univerzita Karlova v Praze Matematicko-fyzikální fakulta Praha 8",2007,"https://wayback.webarchiv.cz/wayback/20071007210841/http://pala.gacr.cas.cz/wordpress/"
"201 Matematika a informatika","František","Plášil","Univerzita Karlova v Praze Matematicko-fyzikální fakulta Praha 1",2007,"https://wayback.webarchiv.cz/wayback/20071007210841/http://pala.gacr.cas.cz/wordpress/"
"201 Matematika a informatika","Jiří","Sgall","Matematický ústav AV ČR, Praha 1",2007,"https://wayback.webarchiv.cz/wayback/20071007210841/http://pala.gacr.cas.cz/wordpress/"
"201 Matematika a informatika","Jan","Slovák","Masarykova univerzita Přírodovědecká fakulta Brno",2007,"https://wayback.webarchiv.cz/wayback/20071007210841/http://pala.gacr.cas.cz/wordpress/"
"201 Matematika a informatika","Vladimír","Souček","Univerzita Karlova v Praze Matematicko-fyzikální fakulta Praha 8",2007,"https://wayback.webarchiv.cz/wayback/20071007210841/http://pala.gacr.cas.cz/wordpress/"
"201 Matematika a informatika","Peter","Vojtáš","Univerzita Karlova v Praze Matematicko-fyzikální fakulta Praha 1",2007,"https://wayback.webarchiv.cz/wayback/20071007210841/http://pala.gacr.cas.cz/wordpress/"
"201 Matematika a informatika","Jiří","Voříšek","Vysoká škola ekonomická v Praze Fakulta informatiky a statistiky Praha 3",2007,"https://wayback.webarchiv.cz/wayback/20071007210841/http://pala.gacr.cas.cz/wordpress/"
"202 Fyzika","Vladimír","Aubrecht","Vysoké učení technické v Brně Fakulta informačních technologií Brno",2007,"https://wayback.webarchiv.cz/wayback/20071007210841/http://pala.gacr.cas.cz/wordpress/"
"202 Fyzika","Petr","Boháč","Fyzikální ústav AV ČR, Praha 8",2007,"https://wayback.webarchiv.cz/wayback/20071007210841/http://pala.gacr.cas.cz/wordpress/"
"202 Fyzika","Jaroslav","Cvach","Fyzikální ústav AV ČR, Praha 8",2007,"https://wayback.webarchiv.cz/wayback/20071007210841/http://pala.gacr.cas.cz/wordpress/"
"202 Fyzika","Miloslav","Dušek","Univerzita Palackého v Olomouci Přírodovědecká fakulta Olomouc",2007,"https://wayback.webarchiv.cz/wayback/20071007210841/http://pala.gacr.cas.cz/wordpress/"
"202 Fyzika","Jiří","Englich","Univerzita Karlova v Praze Matematicko-fyzikální fakulta Praha 8",2007,"https://wayback.webarchiv.cz/wayback/20071007210841/http://pala.gacr.cas.cz/wordpress/"
"202 Fyzika","Ladislav","Hlavatý","České vysoké učení technické v Praze Fakulta jaderná a fyzikálně inženýrská Praha 1",2007,"https://wayback.webarchiv.cz/wayback/20071007210841/http://pala.gacr.cas.cz/wordpress/"
"202 Fyzika","Václav","Janiš","Fyzikální ústav AV ČR, Praha 8",2007,"https://wayback.webarchiv.cz/wayback/20071007210841/http://pala.gacr.cas.cz/wordpress/"
"202 Fyzika","Stanislav","Kamba","Fyzikální ústav AV ČR, Praha 8",2007,"https://wayback.webarchiv.cz/wayback/20071007210841/http://pala.gacr.cas.cz/wordpress/"
"202 Fyzika","Jiří","Mareš","Fyzikální ústav AV ČR, Praha 6",2007,"https://wayback.webarchiv.cz/wayback/20071007210841/http://pala.gacr.cas.cz/wordpress/"
"202 Fyzika","Jiří","Mareš","Ústav jaderné fyziky AV ČR, Řež u Prahy",2007,"https://wayback.webarchiv.cz/wayback/20071007210841/http://pala.gacr.cas.cz/wordpress/"
"202 Fyzika","Pavol","Mikula","Ústav jaderné fyziky AV ČR, Řež u Prahy",2007,"https://wayback.webarchiv.cz/wayback/20071007210841/http://pala.gacr.cas.cz/wordpress/"
"202 Fyzika","Jan","Nedbal","Univerzita Karlova v Praze Matematicko-fyzikální fakulta Praha 8",2007,"https://wayback.webarchiv.cz/wayback/20071007210841/http://pala.gacr.cas.cz/wordpress/"
"202 Fyzika","Pavel","Novák","Fyzikální ústav AV ČR, Praha 6",2007,"https://wayback.webarchiv.cz/wayback/20071007210841/http://pala.gacr.cas.cz/wordpress/"
"202 Fyzika","Stanislav","Pekárek","České vysoké učení technické v Praze Fakulta elektrotechnická Praha 6",2007,"https://wayback.webarchiv.cz/wayback/20071007210841/http://pala.gacr.cas.cz/wordpress/"
"202 Fyzika","Karel","Rohlena","Fyzikální ústav AV ČR, Praha 8",2007,"https://wayback.webarchiv.cz/wayback/20071007210841/http://pala.gacr.cas.cz/wordpress/"
"202 Fyzika","Vladimír","Sechovský","Univerzita Karlova v Praze Matematicko-fyzikální fakulta Praha 2",2007,"https://wayback.webarchiv.cz/wayback/20071007210841/http://pala.gacr.cas.cz/wordpress/"
"202 Fyzika","Milan","Tichý","Univerzita Karlova v Praze Matematicko-fyzikální fakulta Praha 8",2007,"https://wayback.webarchiv.cz/wayback/20071007210841/http://pala.gacr.cas.cz/wordpress/"
"202 Fyzika","Pavel","Tlustý","Ústav jaderné fyziky AV ČR, Řež u Prahy",2007,"https://wayback.webarchiv.cz/wayback/20071007210841/http://pala.gacr.cas.cz/wordpress/"
"202 Fyzika","David","Trunec","Masarykova univerzita Přírodovědecká fakulta Brno",2007,"https://wayback.webarchiv.cz/wayback/20071007210841/http://pala.gacr.cas.cz/wordpress/"
"202 Fyzika","Alice","Valkárová","Univerzita Karlova v Praze Matematicko-fyzikální fakulta Praha 8",2007,"https://wayback.webarchiv.cz/wayback/20071007210841/http://pala.gacr.cas.cz/wordpress/"
"202 Fyzika","Pavel","Zemánek","Ústav přístrojové techniky AV ČR, Brno",2007,"https://wayback.webarchiv.cz/wayback/20071007210841/http://pala.gacr.cas.cz/wordpress/"
"203 Chemie","Jana","Bludská","Ústav anorganické chemie AV ČR, Husinec-Řež",2007,"https://wayback.webarchiv.cz/wayback/20071007210841/http://pala.gacr.cas.cz/wordpress/"
"203 Chemie","Vladimír","Dohnal","Vysoká škola chemicko-technologická v Praze Fakulta chemické technologie Praha 6",2007,"https://wayback.webarchiv.cz/wayback/20071007210841/http://pala.gacr.cas.cz/wordpress/"
"203 Chemie","Vladimír","Havlíček","Mikrobiologický ústav AV ČR, Praha 4",2007,"https://wayback.webarchiv.cz/wayback/20071007210841/http://pala.gacr.cas.cz/wordpress/"
"203 Chemie","Josef","Chmelík","Ústav analytické chemie AV ČR, Brno",2007,"https://wayback.webarchiv.cz/wayback/20071007210841/http://pala.gacr.cas.cz/wordpress/"
"203 Chemie","Pavel","Jandera","Univerzita Pardubice Fakulta chemicko-technologická Pardubice",2007,"https://wayback.webarchiv.cz/wayback/20071007210841/http://pala.gacr.cas.cz/wordpress/"
"203 Chemie","Vladimír","Macháček","Univerzita Pardubice Fakulta chemicko-technologická Pardubice",2007,"https://wayback.webarchiv.cz/wayback/20071007210841/http://pala.gacr.cas.cz/wordpress/"
"203 Chemie","Ivan","Mikšík","Fyziologický ústav AV ČR, Praha 4",2007,"https://wayback.webarchiv.cz/wayback/20071007210841/http://pala.gacr.cas.cz/wordpress/"
"203 Chemie","Jitka","Moravcová","Vysoká škola chemicko-technologická v Praze Fakulta potravinářské a biochemické technologie Praha 6",2007,"https://wayback.webarchiv.cz/wayback/20071007210841/http://pala.gacr.cas.cz/wordpress/"
"203 Chemie","Josef","Novosad","Masarykova univerzita Přírodovědecká fakulta Brno",2007,"https://wayback.webarchiv.cz/wayback/20071007210841/http://pala.gacr.cas.cz/wordpress/"
"203 Chemie","Věra","Pacáková","Univerzita Karlova v Praze Přírodovědecká fakulta Praha 2",2007,"https://wayback.webarchiv.cz/wayback/20071007210841/http://pala.gacr.cas.cz/wordpress/"
"203 Chemie","Michal","Pechar","Ústav makromolekulární chemie AV ČR, Praha 6",2007,"https://wayback.webarchiv.cz/wayback/20071007210841/http://pala.gacr.cas.cz/wordpress/"
"203 Chemie","Iva","Pichová","Ústav organické chemie a biochemie AV ČR, Praha 6",2007,"https://wayback.webarchiv.cz/wayback/20071007210841/http://pala.gacr.cas.cz/wordpress/"
"203 Chemie","Miroslav","Polášek","Univerzita Karlova v Praze Farmaceutická fakulta Hradec Králové Hradec Králové",2007,"https://wayback.webarchiv.cz/wayback/20071007210841/http://pala.gacr.cas.cz/wordpress/"
"203 Chemie","Milan","Potáček","Masarykova univerzita Přírodovědecká fakulta Brno",2007,"https://wayback.webarchiv.cz/wayback/20071007210841/http://pala.gacr.cas.cz/wordpress/"
"203 Chemie","Irena","Prokopová","Vysoká škola chemicko-technologická v Praze Fakulta chemické technologie Praha 6",2007,"https://wayback.webarchiv.cz/wayback/20071007210841/http://pala.gacr.cas.cz/wordpress/"
"203 Chemie","Zdeněk","Samec","Ústav fyzikální chemie Heyrovského AV ČR, Praha 8",2007,"https://wayback.webarchiv.cz/wayback/20071007210841/http://pala.gacr.cas.cz/wordpress/"
"203 Chemie","Zdeněk","Sobalík","Ústav fyzikální chemie Heyrovského AV ČR, Praha 8",2007,"https://wayback.webarchiv.cz/wayback/20071007210841/http://pala.gacr.cas.cz/wordpress/"
"203 Chemie","Ludvík","Streinz","Ústav organické chemie a biochemie AV ČR, Praha 6",2007,"https://wayback.webarchiv.cz/wayback/20071007210841/http://pala.gacr.cas.cz/wordpress/"
"203 Chemie","Vladimír","Sýkora","Vysoká škola chemicko-technologická v Praze Fakulta technologie ochrany prostředí Praha 6",2007,"https://wayback.webarchiv.cz/wayback/20071007210841/http://pala.gacr.cas.cz/wordpress/"
"203 Chemie","Ladislav","Tichý","Ústav makromolekulární chemie AV ČR, Pardubice",2007,"https://wayback.webarchiv.cz/wayback/20071007210841/http://pala.gacr.cas.cz/wordpress/"
"203 Chemie","Jiří","Vohlídal","Univerzita Karlova v Praze Přírodovědecká fakulta Praha 2",2007,"https://wayback.webarchiv.cz/wayback/20071007210841/http://pala.gacr.cas.cz/wordpress/"
"204 Buněčná a molekulární biologie","Pavla","Binarová","Mikrobiologický ústav AV ČR, Praha 4",2007,"https://wayback.webarchiv.cz/wayback/20071007210841/http://pala.gacr.cas.cz/wordpress/"
"204 Buněčná a molekulární biologie","Vladimír","Divoký","Univerzita Palackého v Olomouci Lékařská fakulta Olomouc",2007,"https://wayback.webarchiv.cz/wayback/20071007210841/http://pala.gacr.cas.cz/wordpress/"
"204 Buněčná a molekulární biologie","Aleš","Hampl","Masarykova univerzita Lékařská fakulta Brno",2007,"https://wayback.webarchiv.cz/wayback/20071007210841/http://pala.gacr.cas.cz/wordpress/"
"204 Buněčná a molekulární biologie","Zdeněk","Hodný","Ústav experimentální medicíny AV ČR, Praha 4",2007,"https://wayback.webarchiv.cz/wayback/20071007210841/http://pala.gacr.cas.cz/wordpress/"
"204 Buněčná a molekulární biologie","Ivan","Hrdý","Univerzita Karlova v Praze Přírodovědecká fakulta Praha 2",2007,"https://wayback.webarchiv.cz/wayback/20071007210841/http://pala.gacr.cas.cz/wordpress/"
"204 Buněčná a molekulární biologie","Marek","Jindra","Biologické centrum AV ČR, Entomologický ústav České Budějovice",2007,"https://wayback.webarchiv.cz/wayback/20071007210841/http://pala.gacr.cas.cz/wordpress/"
"204 Buněčná a molekulární biologie","Vladimír","Jirků","Vysoká škola chemicko-technologická v Praze Fakulta potravinářské a biochemické technologie Praha 6",2007,"https://wayback.webarchiv.cz/wayback/20071007210841/http://pala.gacr.cas.cz/wordpress/"
"204 Buněčná a molekulární biologie","Vladimír","Kořínek","Ústav molekulární genetiky AV ČR, Praha 4 - Krč",2007,"https://wayback.webarchiv.cz/wayback/20071007210841/http://pala.gacr.cas.cz/wordpress/"
"204 Buněčná a molekulární biologie","Jarmila","Králová","Ústav molekulární genetiky AV ČR, Praha 4 - Krč",2007,"https://wayback.webarchiv.cz/wayback/20071007210841/http://pala.gacr.cas.cz/wordpress/"
"204 Buněčná a molekulární biologie","Miroslav","Pátek","Mikrobiologický ústav AV ČR, Praha 4",2007,"https://wayback.webarchiv.cz/wayback/20071007210841/http://pala.gacr.cas.cz/wordpress/"
"204 Buněčná a molekulární biologie","Hana","Sychrová","Fyziologický ústav AV ČR, Praha 4",2007,"https://wayback.webarchiv.cz/wayback/20071007210841/http://pala.gacr.cas.cz/wordpress/"
"204 Buněčná a molekulární biologie","Michal","Štros","Biofyzikální ústav AV ČR, Brno",2007,"https://wayback.webarchiv.cz/wayback/20071007210841/http://pala.gacr.cas.cz/wordpress/"
"205 Vědy o Zemi a vesmíru","Vratislav","Blecha","Univerzita Karlova v Praze Přírodovědecká fakulta Praha 2",2007,"https://wayback.webarchiv.cz/wayback/20071007210841/http://pala.gacr.cas.cz/wordpress/"
"205 Vědy o Zemi a vesmíru","Ondřej","Čadek","Univerzita Karlova v Praze Matematicko-fyzikální fakulta Praha 8",2007,"https://wayback.webarchiv.cz/wayback/20071007210841/http://pala.gacr.cas.cz/wordpress/"
"205 Vědy o Zemi a vesmíru","Eva","Franců","Česká geologická služba pobočka Brno Brno",2007,"https://wayback.webarchiv.cz/wayback/20071007210841/http://pala.gacr.cas.cz/wordpress/"
"205 Vědy o Zemi a vesmíru","Jiří","Frýda","Česká geologická služba Praha 1",2007,"https://wayback.webarchiv.cz/wayback/20071007210841/http://pala.gacr.cas.cz/wordpress/"
"205 Vědy o Zemi a vesmíru","Lena","Halounová","České vysoké učení technické v Praze Fakulta stavební Praha 6",2007,"https://wayback.webarchiv.cz/wayback/20071007210841/http://pala.gacr.cas.cz/wordpress/"
"205 Vědy o Zemi a vesmíru","Svatoslav","Chamra","České vysoké učení technické v Praze Fakulta stavební Praha 6",2007,"https://wayback.webarchiv.cz/wayback/20071007210841/http://pala.gacr.cas.cz/wordpress/"
"205 Vědy o Zemi a vesmíru","Emil","Jelínek","Univerzita Karlova v Praze Přírodovědecká fakulta Praha 2",2007,"https://wayback.webarchiv.cz/wayback/20071007210841/http://pala.gacr.cas.cz/wordpress/"
"205 Vědy o Zemi a vesmíru","Milan","Jeřábek","Univerzita Purkyně, Fakulta přírodovědecká, Ústí Labem",2007,"https://wayback.webarchiv.cz/wayback/20071007210841/http://pala.gacr.cas.cz/wordpress/"
"205 Vědy o Zemi a vesmíru","Zdeněk","Kaláb","Ústav geoniky AV ČR, Ostrava - Poruba",2007,"https://wayback.webarchiv.cz/wayback/20071007210841/http://pala.gacr.cas.cz/wordpress/"
"205 Vědy o Zemi a vesmíru","Jiří","Kvaček","Národní muzeum Praha 1",2007,"https://wayback.webarchiv.cz/wayback/20071007210841/http://pala.gacr.cas.cz/wordpress/"
"205 Vědy o Zemi a vesmíru","Jan","Laštovička","Ústav fyziky atmosféry AV ČR, Praha 4",2007,"https://wayback.webarchiv.cz/wayback/20071007210841/http://pala.gacr.cas.cz/wordpress/"
"205 Vědy o Zemi a vesmíru","Jiří","Mls","Univerzita Karlova v Praze Přírodovědecká fakulta Praha 2",2007,"https://wayback.webarchiv.cz/wayback/20071007210841/http://pala.gacr.cas.cz/wordpress/"
"205 Vědy o Zemi a vesmíru","Slavomír","Nehyba","Masarykova univerzita Přírodovědecká fakulta Brno",2007,"https://wayback.webarchiv.cz/wayback/20071007210841/http://pala.gacr.cas.cz/wordpress/"
"205 Vědy o Zemi a vesmíru","Zdeněk","Němeček","Univerzita Karlova v Praze Matematicko-fyzikální fakulta Praha 8",2007,"https://wayback.webarchiv.cz/wayback/20071007210841/http://pala.gacr.cas.cz/wordpress/"
"205 Vědy o Zemi a vesmíru","Pavel","Novák","Výzkumný ústav geodetický, topografický a kartografický, Zdiby, Praha-východ",2007,"https://wayback.webarchiv.cz/wayback/20071007210841/http://pala.gacr.cas.cz/wordpress/"
"205 Vědy o Zemi a vesmíru","Milan","Novák","Masarykova univerzita Přírodovědecká fakulta Brno",2007,"https://wayback.webarchiv.cz/wayback/20071007210841/http://pala.gacr.cas.cz/wordpress/"
"205 Vědy o Zemi a vesmíru","Petr","Pravec","Astronomický ústav AV ČR, Ondřejov",2007,"https://wayback.webarchiv.cz/wayback/20071007210841/http://pala.gacr.cas.cz/wordpress/"
"205 Vědy o Zemi a vesmíru","Daniela","Řezáčová","Ústav fyziky atmosféry AV ČR, Praha 4",2007,"https://wayback.webarchiv.cz/wayback/20071007210841/http://pala.gacr.cas.cz/wordpress/"
"205 Vědy o Zemi a vesmíru","Josef","Stemberk","Ústav struktury a mechaniky hornin AV ČR, Praha 8",2007,"https://wayback.webarchiv.cz/wayback/20071007210841/http://pala.gacr.cas.cz/wordpress/"
"205 Vědy o Zemi a vesmíru","Jan","Šafanda","Geofyzikální ústav AV ČR, Praha 4",2007,"https://wayback.webarchiv.cz/wayback/20071007210841/http://pala.gacr.cas.cz/wordpress/"
"205 Vědy o Zemi a vesmíru","David","Vokrouhlický","Univerzita Karlova v Praze Matematicko-fyzikální fakulta Praha 8",2007,"https://wayback.webarchiv.cz/wayback/20071007210841/http://pala.gacr.cas.cz/wordpress/"
"205 Vědy o Zemi a vesmíru","Vít","Voženílek","Univerzita Palackého v Olomouci Přírodovědecká fakulta Olomouc",2007,"https://wayback.webarchiv.cz/wayback/20071007210841/http://pala.gacr.cas.cz/wordpress/"
"205 Vědy o Zemi a vesmíru","Miroslav","Vysoudil","CSc Univerzita Palackého v Olomouci Přírodovědecká fakulta Olomouc",2007,"https://wayback.webarchiv.cz/wayback/20071007210841/http://pala.gacr.cas.cz/wordpress/"
"205 Vědy o Zemi a vesmíru","Karel","Žák","Geologický ústav AV ČR, Praha 6 - Lysolaje",2007,"https://wayback.webarchiv.cz/wayback/20071007210841/http://pala.gacr.cas.cz/wordpress/"
"206 Obecná a ekologická biologie","Vladimír","Bejček","Česká zemědělská univerzita v Praze Fakulta lesnická a environmentální Praha 6 - Suchdol",2007,"https://wayback.webarchiv.cz/wayback/20071007210841/http://pala.gacr.cas.cz/wordpress/"
"206 Obecná a ekologická biologie","Milada","Bocáková","Univerzita Palackého v Olomouci Pedagogická fakulta Olomouc",2007,"https://wayback.webarchiv.cz/wayback/20071007210841/http://pala.gacr.cas.cz/wordpress/"
"206 Obecná a ekologická biologie","Petr","Bureš","Masarykova univerzita Přírodovědecká fakulta Brno",2007,"https://wayback.webarchiv.cz/wayback/20071007210841/http://pala.gacr.cas.cz/wordpress/"
"206 Obecná a ekologická biologie","Viktor","Černý","Archeologický ústav AV ČR, Praha, Praha 1",2007,"https://wayback.webarchiv.cz/wayback/20071007210841/http://pala.gacr.cas.cz/wordpress/"
"206 Obecná a ekologická biologie","Martin","Duchoslav","Univerzita Palackého v Olomouci Přírodovědecká fakulta Olomouc",2007,"https://wayback.webarchiv.cz/wayback/20071007210841/http://pala.gacr.cas.cz/wordpress/"
"206 Obecná a ekologická biologie","Jan","Fott","Univerzita Karlova v Praze Přírodovědecká fakulta Praha 2",2007,"https://wayback.webarchiv.cz/wayback/20071007210841/http://pala.gacr.cas.cz/wordpress/"
"206 Obecná a ekologická biologie","Jan","Gloser","Masarykova univerzita Přírodovědecká fakulta Brno",2007,"https://wayback.webarchiv.cz/wayback/20071007210841/http://pala.gacr.cas.cz/wordpress/"
"206 Obecná a ekologická biologie","Ivan","Horáček","Univerzita Karlova v Praze Přírodovědecká fakulta Praha 2",2007,"https://wayback.webarchiv.cz/wayback/20071007210841/http://pala.gacr.cas.cz/wordpress/"
"206 Obecná a ekologická biologie","Petr","Horák","Univerzita Karlova v Praze Přírodovědecká fakulta Praha 2",2007,"https://wayback.webarchiv.cz/wayback/20071007210841/http://pala.gacr.cas.cz/wordpress/"
"206 Obecná a ekologická biologie","Lubomír","Hrouda","Univerzita Karlova v Praze Přírodovědecká fakulta Praha 2",2007,"https://wayback.webarchiv.cz/wayback/20071007210841/http://pala.gacr.cas.cz/wordpress/"
"206 Obecná a ekologická biologie","Václav","Hypša","Jihočeská univerzita v Českých Budějovicích Biologická fakulta České Budějovice",2007,"https://wayback.webarchiv.cz/wayback/20071007210841/http://pala.gacr.cas.cz/wordpress/"
"206 Obecná a ekologická biologie","Jaroslava","Komárková","Biologické centrum AV ČR, Hydrobiologický ústav České Budějovice",2007,"https://wayback.webarchiv.cz/wayback/20071007210841/http://pala.gacr.cas.cz/wordpress/"
"206 Obecná a ekologická biologie","Josef","Komenda","Mikrobiologický ústav AV ČR, Třeboň",2007,"https://wayback.webarchiv.cz/wayback/20071007210841/http://pala.gacr.cas.cz/wordpress/"
"206 Obecná a ekologická biologie","František","Krahulec","Botanický ústav AV ČR, Průhonice",2007,"https://wayback.webarchiv.cz/wayback/20071007210841/http://pala.gacr.cas.cz/wordpress/"
"206 Obecná a ekologická biologie","Miloš","Macholán","Ústav živočišné fyziologie a genetiky AV ČR, Brno 2",2007,"https://wayback.webarchiv.cz/wayback/20071007210841/http://pala.gacr.cas.cz/wordpress/"
"206 Obecná a ekologická biologie","Karel","Prášil","Univerzita Karlova v Praze Přírodovědecká fakulta Praha 2",2007,"https://wayback.webarchiv.cz/wayback/20071007210841/http://pala.gacr.cas.cz/wordpress/"
"206 Obecná a ekologická biologie","Tomáš","Soldán","Biologické centrum AV ČR, Entomologický ústav České Budějovice",2007,"https://wayback.webarchiv.cz/wayback/20071007210841/http://pala.gacr.cas.cz/wordpress/"
"206 Obecná a ekologická biologie","David","Storch","Univerzita Karlova v Praze Centrum pro teoretická studia Praha 1",2007,"https://wayback.webarchiv.cz/wayback/20071007210841/http://pala.gacr.cas.cz/wordpress/"
"206 Obecná a ekologická biologie","Zdeněk","Šesták","Ústav experimentální botaniky AV ČR, Praha 6",2007,"https://wayback.webarchiv.cz/wayback/20071007210841/http://pala.gacr.cas.cz/wordpress/"
"206 Obecná a ekologická biologie","Jan","Šobotník","Ústav organické chemie a biochemie AV ČR, Praha 6",2007,"https://wayback.webarchiv.cz/wayback/20071007210841/http://pala.gacr.cas.cz/wordpress/"
"206 Obecná a ekologická biologie","Vladimír","Uvíra","Univerzita Palackého v Olomouci Přírodovědecká fakulta Olomouc",2007,"https://wayback.webarchiv.cz/wayback/20071007210841/http://pala.gacr.cas.cz/wordpress/"
"521 Rostlinná produkce, genetika a šlechtění","Vladislav","Čurn","Jihočeská univerzita v Českých Budějovicích Zemědělská fakulta České Budějovice",2007,"https://wayback.webarchiv.cz/wayback/20071007210841/http://pala.gacr.cas.cz/wordpress/"
"521 Rostlinná produkce, genetika a šlechtění","Jaroslav","Doležel","Ústav experimentální botaniky AV ČR, Olomouc",2007,"https://wayback.webarchiv.cz/wayback/20071007210841/http://pala.gacr.cas.cz/wordpress/"
"521 Rostlinná produkce, genetika a šlechtění","Jiří","Fajkus","Biofyzikální ústav AV ČR, Brno",2007,"https://wayback.webarchiv.cz/wayback/20071007210841/http://pala.gacr.cas.cz/wordpress/"
"521 Rostlinná produkce, genetika a šlechtění","Martin","Fellner","Univerzita Palackého v Olomouci Přírodovědecká fakulta Olomouc",2007,"https://wayback.webarchiv.cz/wayback/20071007210841/http://pala.gacr.cas.cz/wordpress/"
"521 Rostlinná produkce, genetika a šlechtění","Karel","Klem","Agrotest fyto, Kroměříž",2007,"https://wayback.webarchiv.cz/wayback/20071007210841/http://pala.gacr.cas.cz/wordpress/"
"521 Rostlinná produkce, genetika a šlechtění","Zdeněk","Žalud","Mendelova zemědělská a lesnická univerzita v Brně Agronomická fakulta Brno",2007,"https://wayback.webarchiv.cz/wayback/20071007210841/http://pala.gacr.cas.cz/wordpress/"
"522 Rostlinolékařství, fyziologie rostlin","Antonín","Dreiseitl","Zemědělský výzkumný ústav Kroměříž, Kroměříž",2007,"https://wayback.webarchiv.cz/wayback/20071007210841/http://pala.gacr.cas.cz/wordpress/"
"522 Rostlinolékařství, fyziologie rostlin","Ivo","Frébort",", Univerzita Palackého v Olomouci Přírodovědecká fakulta Olomouc",2007,"https://wayback.webarchiv.cz/wayback/20071007210841/http://pala.gacr.cas.cz/wordpress/"
"522 Rostlinolékařství, fyziologie rostlin","Alois","Honěk","Výzkumný ústav rostlinné výroby, Praha 6 - Ruzyně",2007,"https://wayback.webarchiv.cz/wayback/20071007210841/http://pala.gacr.cas.cz/wordpress/"
"522 Rostlinolékařství, fyziologie rostlin","David","Honys","Ústav experimentální botaniky AV ČR, Praha 6",2007,"https://wayback.webarchiv.cz/wayback/20071007210841/http://pala.gacr.cas.cz/wordpress/"
"522 Rostlinolékařství, fyziologie rostlin","Dalibor","Kodrík","Biologické centrum AV ČR, Entomologický ústav České Budějovice",2007,"https://wayback.webarchiv.cz/wayback/20071007210841/http://pala.gacr.cas.cz/wordpress/"
"522 Rostlinolékařství, fyziologie rostlin","Karel","Petrzik","Biologické centrum AV ČR, Ústav molekulární biologie rostlin České Budějovice",2007,"https://wayback.webarchiv.cz/wayback/20071007210841/http://pala.gacr.cas.cz/wordpress/"
"522 Rostlinolékařství, fyziologie rostlin","Radovan","Pokorný","Mendelova zemědělská a lesnická univerzita v Brně Agronomická fakulta Brno",2007,"https://wayback.webarchiv.cz/wayback/20071007210841/http://pala.gacr.cas.cz/wordpress/"
"522 Rostlinolékařství, fyziologie rostlin","Vladimír","Špunda","Ostravská univerzita v Ostravě Přírodovědecká fakulta Ostrava",2007,"https://wayback.webarchiv.cz/wayback/20071007210841/http://pala.gacr.cas.cz/wordpress/"
"522 Rostlinolékařství, fyziologie rostlin","Olga","Valentová","Vysoká škola chemicko-technologická v Praze Fakulta potravinářské a biochemické technologie Praha 6",2007,"https://wayback.webarchiv.cz/wayback/20071007210841/http://pala.gacr.cas.cz/wordpress/"
"523 Živočišná produkce, genetika a šlechtění","RNDr","Petr","Hořín Veterinární a farmaceutická univerzita Brno Fakulta veterinárního lékařství Brno",2007,"https://wayback.webarchiv.cz/wayback/20071007210841/http://pala.gacr.cas.cz/wordpress/"
"523 Živočišná produkce, genetika a šlechtění","Jaroslav","Petr","Výzkumný ústav živočišné výroby, Praha 10 - Uhříněves",2007,"https://wayback.webarchiv.cz/wayback/20071007210841/http://pala.gacr.cas.cz/wordpress/"
"523 Živočišná produkce, genetika a šlechtění","Jiří","Plachý","Ústav molekulární genetiky AV ČR, Praha 4 - Krč",2007,"https://wayback.webarchiv.cz/wayback/20071007210841/http://pala.gacr.cas.cz/wordpress/"
"523 Živočišná produkce, genetika a šlechtění","Marie","Rábová","Ústav živočišné fyziologie a genetiky AV ČR, Liběchov",2007,"https://wayback.webarchiv.cz/wayback/20071007210841/http://pala.gacr.cas.cz/wordpress/"
"523 Živočišná produkce, genetika a šlechtění","Marek","Šinkora","Mikrobiologický ústav AV ČR, Nový Hrádek",2007,"https://wayback.webarchiv.cz/wayback/20071007210841/http://pala.gacr.cas.cz/wordpress/"
"524 Fyziologie a patologie zvířat","Vladimír","Celer","Veterinární a farmaceutická univerzita Brno Fakulta veterinárního lékařství Brno",2007,"https://wayback.webarchiv.cz/wayback/20071007210841/http://pala.gacr.cas.cz/wordpress/"
"524 Fyziologie a patologie zvířat","Božena","Koubková","Masarykova univerzita Přírodovědecká fakulta Brno",2007,"https://wayback.webarchiv.cz/wayback/20071007210841/http://pala.gacr.cas.cz/wordpress/"
"524 Fyziologie a patologie zvířat","Alois","Kozubík","Biofyzikální ústav AV ČR, Brno",2007,"https://wayback.webarchiv.cz/wayback/20071007210841/http://pala.gacr.cas.cz/wordpress/"
"524 Fyziologie a patologie zvířat","Ivan","Rychlík","Výzkumný ústav veterinárního lékařství, Brno-Medlánky",2007,"https://wayback.webarchiv.cz/wayback/20071007210841/http://pala.gacr.cas.cz/wordpress/"
"524 Fyziologie a patologie zvířat","Lenka","Skálová","Univerzita Karlova v Praze Farmaceutická fakulta Hradec Králové Hradec Králové",2007,"https://wayback.webarchiv.cz/wayback/20071007210841/http://pala.gacr.cas.cz/wordpress/"
"524 Fyziologie a patologie zvířat","Milan","Tománek","Výzkumný ústav živočišné výroby, Praha 10 - Uhříněves",2007,"https://wayback.webarchiv.cz/wayback/20071007210841/http://pala.gacr.cas.cz/wordpress/"
"525 Zemědělské produkty, potravinářství a ekotoxikologie","Zdeněk","Bubník","Vysoká škola chemicko-technologická v Praze Fakulta potravinářské a biochemické technologie Praha 6",2007,"https://wayback.webarchiv.cz/wayback/20071007210841/http://pala.gacr.cas.cz/wordpress/"
"525 Zemědělské produkty, potravinářství a ekotoxikologie","Jan","Kopečný","Ústav živočišné fyziologie a genetiky AV ČR, Praha 4 - Krč",2007,"https://wayback.webarchiv.cz/wayback/20071007210841/http://pala.gacr.cas.cz/wordpress/"
"525 Zemědělské produkty, potravinářství a ekotoxikologie","Martin","Mandl","Masarykova univerzita Přírodovědecká fakulta Brno",2007,"https://wayback.webarchiv.cz/wayback/20071007210841/http://pala.gacr.cas.cz/wordpress/"
"525 Zemědělské produkty, potravinářství a ekotoxikologie","Milada","Plocková","Vysoká škola chemicko-technologická v Praze Fakulta potravinářské a biochemické technologie Praha 6",2007,"https://wayback.webarchiv.cz/wayback/20071007210841/http://pala.gacr.cas.cz/wordpress/"
"525 Zemědělské produkty, potravinářství a ekotoxikologie","Slavomíra","Vavreinová","Výzkumný ústav potravinářský Praha, Praha 10",2007,"https://wayback.webarchiv.cz/wayback/20071007210841/http://pala.gacr.cas.cz/wordpress/"
"526 Péče o krajinu, lesy, půda","Petr","Baldrian","Mikrobiologický ústav AV ČR, Praha 4",2007,"https://wayback.webarchiv.cz/wayback/20071007210841/http://pala.gacr.cas.cz/wordpress/"
"526 Péče o krajinu, lesy, půda","Luboš","Borůvka","Česká zemědělská univerzita v Praze Fakulta agrobiologie, potravinových a přírodních zdrojů Praha 6-Suchdol",2007,"https://wayback.webarchiv.cz/wayback/20071007210841/http://pala.gacr.cas.cz/wordpress/"
"526 Péče o krajinu, lesy, půda","Emil","Cienciala","IFER - Ústav pro výzkum lesních ekosystémů, o provozovna Jílové u Prahy Jílové u Prahy",2007,"https://wayback.webarchiv.cz/wayback/20071007210841/http://pala.gacr.cas.cz/wordpress/"
"526 Péče o krajinu, lesy, půda","Dana","Elhottová","Biologické centrum AV ČR, Ústav půdní biologie České Budějovice",2007,"https://wayback.webarchiv.cz/wayback/20071007210841/http://pala.gacr.cas.cz/wordpress/"
"526 Péče o krajinu, lesy, půda","Vilém","Pavlů","Výzkumný ústav rostlinné výroby, Výzkumná stanice travních ekosystémů Liberec 11",2007,"https://wayback.webarchiv.cz/wayback/20071007210841/http://pala.gacr.cas.cz/wordpress/"
"526 Péče o krajinu, lesy, půda","Martin","Rulík","Univerzita Palackého v Olomouci Přírodovědecká fakulta Olomouc",2007,"https://wayback.webarchiv.cz/wayback/20071007210841/http://pala.gacr.cas.cz/wordpress/"
"526 Péče o krajinu, lesy, půda","Vít","Šrámek","Výzkumný ústav lesního hospodářství a myslivosti, Praha 5 - Zbraslav",2007,"https://wayback.webarchiv.cz/wayback/20071007210841/http://pala.gacr.cas.cz/wordpress/"
"526 Péče o krajinu, lesy, půda","Tomáš","Vrška","Výzkumný ústav Silva Taroucy pro krajinu a okrasné zahradnictví, oddělení ekologie lesa Brno",2007,"https://wayback.webarchiv.cz/wayback/20071007210841/http://pala.gacr.cas.cz/wordpress/"
"Molekulární biologie, genetika, experimentální onkologie","Běla","Bendlová","Endokrinologický ústav Praha 1",2007,"https://wayback.webarchiv.cz/wayback/20071007210841/http://pala.gacr.cas.cz/wordpress/"
"Molekulární biologie, genetika, experimentální onkologie","Karel","Bezouška","Univerzita Karlova v Praze Přírodovědecká fakulta Praha 2",2007,"https://wayback.webarchiv.cz/wayback/20071007210841/http://pala.gacr.cas.cz/wordpress/"
"Molekulární biologie, genetika, experimentální onkologie","Tomáš","Eckschlager","Fakultní nemocnice Motol Klinika dětské onkologie Praha 5 - Motol",2007,"https://wayback.webarchiv.cz/wayback/20071007210841/http://pala.gacr.cas.cz/wordpress/"
"Molekulární biologie, genetika, experimentální onkologie","Josef","Houštěk","Fyziologický ústav AV ČR, Praha 4",2007,"https://wayback.webarchiv.cz/wayback/20071007210841/http://pala.gacr.cas.cz/wordpress/"
"Molekulární biologie, genetika, experimentální onkologie","Kyra","Michalová","Všeobecná fakultní nemocnice Ústav klinické biochemie a laboratorní diagnostiky Praha 2",2007,"https://wayback.webarchiv.cz/wayback/20071007210841/http://pala.gacr.cas.cz/wordpress/"
"Molekulární biologie, genetika, experimentální onkologie","Blanka","Říhová","Mikrobiologický ústav AV ČR, Praha 4",2007,"https://wayback.webarchiv.cz/wayback/20071007210841/http://pala.gacr.cas.cz/wordpress/"
"Molekulární biologie, genetika, experimentální onkologie","Jiří","Šantavý","Univerzita Palackého v Olomouci Lékařská fakulta Olomouc",2007,"https://wayback.webarchiv.cz/wayback/20071007210841/http://pala.gacr.cas.cz/wordpress/"
"Molekulární biologie, genetika, experimentální onkologie","Aleksi","Šedo","Univerzita Karlova v Praze lékařská fakulta Praha 2",2007,"https://wayback.webarchiv.cz/wayback/20071007210841/http://pala.gacr.cas.cz/wordpress/"
"Molekulární biologie, genetika, experimentální onkologie","Vladimír","Tesař","Všeobecná fakultní nemocnice interní klinika Praha 2",2007,"https://wayback.webarchiv.cz/wayback/20071007210841/http://pala.gacr.cas.cz/wordpress/"
"Molekulární biologie, genetika, experimentální onkologie","Jan","Trka","Univerzita Karlova v Praze lékařská fakulta Praha 5 - Motol",2007,"https://wayback.webarchiv.cz/wayback/20071007210841/http://pala.gacr.cas.cz/wordpress/"
"Molekulární biologie, genetika, experimentální onkologie","Bořivoj","Vojtěšek","Masarykův onkologický ústav Brno",2007,"https://wayback.webarchiv.cz/wayback/20071007210841/http://pala.gacr.cas.cz/wordpress/"
"Biochemie, metabolismus a výživa","Jan","Borovanský",", FTI Univerzita Karlova v Praze lékařská fakulta Praha 2",2007,"https://wayback.webarchiv.cz/wayback/20071007210841/http://pala.gacr.cas.cz/wordpress/"
"Biochemie, metabolismus a výživa","Richard","Hampl","Endokrinologický ústav Praha 1",2007,"https://wayback.webarchiv.cz/wayback/20071007210841/http://pala.gacr.cas.cz/wordpress/"
"Biochemie, metabolismus a výživa","Jiří","Horáček","Univerzita Karlova v Praze Lékařská fakulta v Hradci Králové Hradec Králové",2007,"https://wayback.webarchiv.cz/wayback/20071007210841/http://pala.gacr.cas.cz/wordpress/"
"Biochemie, metabolismus a výživa","Václav","Pelouch","Univerzita Karlova v Praze lékařská fakulta Praha 5 - Motol",2007,"https://wayback.webarchiv.cz/wayback/20071007210841/http://pala.gacr.cas.cz/wordpress/"
"Biochemie, metabolismus a výživa","Petr","Svoboda","Fyziologický ústav AV ČR, Praha 4",2007,"https://wayback.webarchiv.cz/wayback/20071007210841/http://pala.gacr.cas.cz/wordpress/"
"Biochemie, metabolismus a výživa","Jan","Škrha","Univerzita Karlova v Praze lékařská fakulta Praha 2",2007,"https://wayback.webarchiv.cz/wayback/20071007210841/http://pala.gacr.cas.cz/wordpress/"
"Biochemie, metabolismus a výživa","Eva","Táborská","Masarykova univerzita Lékařská fakulta Brno",2007,"https://wayback.webarchiv.cz/wayback/20071007210841/http://pala.gacr.cas.cz/wordpress/"
"Biochemie, metabolismus a výživa","Karel","Vondra","Endokrinologický ústav Praha 1",2007,"https://wayback.webarchiv.cz/wayback/20071007210841/http://pala.gacr.cas.cz/wordpress/"
"Biochemie, metabolismus a výživa","Ivan","Votruba","Ústav organické chemie a biochemie AV ČR, Praha 6",2007,"https://wayback.webarchiv.cz/wayback/20071007210841/http://pala.gacr.cas.cz/wordpress/"
"Biochemie, metabolismus a výživa","Jiří","Wilhelm","Univerzita Karlova v Praze lékařská fakulta Praha 5",2007,"https://wayback.webarchiv.cz/wayback/20071007210841/http://pala.gacr.cas.cz/wordpress/"
"Morfologické obory a experimentální chirurgie","Miloš","Grim","Univerzita Karlova v Praze lékařská fakulta Praha 2",2007,"https://wayback.webarchiv.cz/wayback/20071007210841/http://pala.gacr.cas.cz/wordpress/"
"Morfologické obory a experimentální chirurgie","Roman","Kodet","Univerzita Karlova v Praze lékařská fakulta Praha 5 - Motol",2007,"https://wayback.webarchiv.cz/wayback/20071007210841/http://pala.gacr.cas.cz/wordpress/"
"Morfologické obory a experimentální chirurgie","Lucie","Kubínová","Fyziologický ústav AV ČR, Praha 4",2007,"https://wayback.webarchiv.cz/wayback/20071007210841/http://pala.gacr.cas.cz/wordpress/"
"Morfologické obory a experimentální chirurgie","Václav","Lichnovský","Univerzita Palackého v Olomouci Lékařská fakulta Olomouc",2007,"https://wayback.webarchiv.cz/wayback/20071007210841/http://pala.gacr.cas.cz/wordpress/"
"Morfologické obory a experimentální chirurgie","Jaroslav","Mokrý","Univerzita Karlova v Praze Lékařská fakulta v Hradci Králové Hradec Králové",2007,"https://wayback.webarchiv.cz/wayback/20071007210841/http://pala.gacr.cas.cz/wordpress/"
"Morfologické obory a experimentální chirurgie","Ivan","Raška","Univerzita Karlova v Praze lékařská fakulta Praha 2",2007,"https://wayback.webarchiv.cz/wayback/20071007210841/http://pala.gacr.cas.cz/wordpress/"
"Morfologické obory a experimentální chirurgie","Alena","Skálová","Univerzita Karlova v Praze Lékařská fakulta v Plzni Plzeň",2007,"https://wayback.webarchiv.cz/wayback/20071007210841/http://pala.gacr.cas.cz/wordpress/"
"Fyziologické obory, farmakologie, toxikologie","Pavel","Anzenbacher","Univerzita Palackého v Olomouci Lékařská fakulta Olomouc",2007,"https://wayback.webarchiv.cz/wayback/20071007210841/http://pala.gacr.cas.cz/wordpress/"
"Fyziologické obory, farmakologie, toxikologie","Luděk","Červenka","Institut klinické a experimentální medicíny Praha 4",2007,"https://wayback.webarchiv.cz/wayback/20071007210841/http://pala.gacr.cas.cz/wordpress/"
"Fyziologické obory, farmakologie, toxikologie","Zuzana","Červinková","Univerzita Karlova v Praze Lékařská fakulta v Hradci Králové Hradec Králové",2007,"https://wayback.webarchiv.cz/wayback/20071007210841/http://pala.gacr.cas.cz/wordpress/"
"Fyziologické obory, farmakologie, toxikologie","Vladimír","Doležal","Fyziologický ústav AV ČR, Praha 4",2007,"https://wayback.webarchiv.cz/wayback/20071007210841/http://pala.gacr.cas.cz/wordpress/"
"Fyziologické obory, farmakologie, toxikologie","Milan","Holeček","Univerzita Karlova v Praze Lékařská fakulta v Hradci Králové Hradec Králové",2007,"https://wayback.webarchiv.cz/wayback/20071007210841/http://pala.gacr.cas.cz/wordpress/"
"Fyziologické obory, farmakologie, toxikologie","Nataša","Honzíková","Masarykova univerzita Lékařská fakulta Brno",2007,"https://wayback.webarchiv.cz/wayback/20071007210841/http://pala.gacr.cas.cz/wordpress/"
"Fyziologické obory, farmakologie, toxikologie","Jiří","Kassa","Ministerstvo obrany Univerzita obrany Hradec Králové",2007,"https://wayback.webarchiv.cz/wayback/20071007210841/http://pala.gacr.cas.cz/wordpress/"
"Fyziologické obory, farmakologie, toxikologie","Miloslav","Kršiak","Univerzita Karlova v Praze lékařská fakulta Praha 10",2007,"https://wayback.webarchiv.cz/wayback/20071007210841/http://pala.gacr.cas.cz/wordpress/"
"Fyziologické obory, farmakologie, toxikologie","Jiří","Paleček","Fyziologický ústav AV ČR, Praha 4",2007,"https://wayback.webarchiv.cz/wayback/20071007210841/http://pala.gacr.cas.cz/wordpress/"
"Fyziologické obory, farmakologie, toxikologie","Richard","Rokyta","Univerzita Karlova v Praze lékařská fakulta Praha 2",2007,"https://wayback.webarchiv.cz/wayback/20071007210841/http://pala.gacr.cas.cz/wordpress/"
"Fyziologické obory, farmakologie, toxikologie","Daniela","Řípová","Psychiatrické centrum Praha Praha 8",2007,"https://wayback.webarchiv.cz/wayback/20071007210841/http://pala.gacr.cas.cz/wordpress/"
"Fyziologické obory, farmakologie, toxikologie","Anna","Vašků","Masarykova univerzita Lékařská fakulta Brno",2007,"https://wayback.webarchiv.cz/wayback/20071007210841/http://pala.gacr.cas.cz/wordpress/"
"Fyziologické obory, farmakologie, toxikologie","Zdeněk","Zídek","Ústav experimentální medicíny AV ČR, Praha 4",2007,"https://wayback.webarchiv.cz/wayback/20071007210841/http://pala.gacr.cas.cz/wordpress/"
"Neurovědy","Alexandr","Chvátal","Ústav experimentální medicíny AV ČR, Praha 4",2007,"https://wayback.webarchiv.cz/wayback/20071007210841/http://pala.gacr.cas.cz/wordpress/"
"Neurovědy","Jan","Mareš","Univerzita Karlova v Praze lékařská fakulta Praha 2",2007,"https://wayback.webarchiv.cz/wayback/20071007210841/http://pala.gacr.cas.cz/wordpress/"
"Neurovědy","Pavel","Mohr","Psychiatrické centrum Praha Praha 8",2007,"https://wayback.webarchiv.cz/wayback/20071007210841/http://pala.gacr.cas.cz/wordpress/"
"Neurovědy","Jiří","Popelář","Ústav experimentální medicíny AV ČR, Praha 4",2007,"https://wayback.webarchiv.cz/wayback/20071007210841/http://pala.gacr.cas.cz/wordpress/"
"Neurovědy","Evžen","Růžička","Univerzita Karlova v Praze lékařská fakulta Praha 2",2007,"https://wayback.webarchiv.cz/wayback/20071007210841/http://pala.gacr.cas.cz/wordpress/"
"Neurovědy","Alena","Sumová","Fyziologický ústav AV ČR, Praha 4",2007,"https://wayback.webarchiv.cz/wayback/20071007210841/http://pala.gacr.cas.cz/wordpress/"
"Neurovědy","Eva","Syková","Ústav experimentální medicíny AV ČR, Praha 4",2007,"https://wayback.webarchiv.cz/wayback/20071007210841/http://pala.gacr.cas.cz/wordpress/"
"Mikrobiologie, imunologie, epidemiologie a hygiena","Jiřina","Bartůňková","Univerzita Karlova v Praze lékařská fakulta Praha 5 - Motol",2007,"https://wayback.webarchiv.cz/wayback/20071007210841/http://pala.gacr.cas.cz/wordpress/"
"Mikrobiologie, imunologie, epidemiologie a hygiena","Kateřina","Demnerová","Vysoká škola chemicko-technologická v Praze Fakulta potravinářské a biochemické technologie Praha 6",2007,"https://wayback.webarchiv.cz/wayback/20071007210841/http://pala.gacr.cas.cz/wordpress/"
"Mikrobiologie, imunologie, epidemiologie a hygiena","Šárka","Němečková","Ústav hematologie a krevní transfúze Praha 2",2007,"https://wayback.webarchiv.cz/wayback/20071007210841/http://pala.gacr.cas.cz/wordpress/"
"Mikrobiologie, imunologie, epidemiologie a hygiena","Pavel","Souček","Státní zdravotní ústav Centrum HPNP Praha 10",2007,"https://wayback.webarchiv.cz/wayback/20071007210841/http://pala.gacr.cas.cz/wordpress/"
"Mikrobiologie, imunologie, epidemiologie a hygiena","David","Šmajs","Masarykova univerzita Lékařská fakulta Brno",2007,"https://wayback.webarchiv.cz/wayback/20071007210841/http://pala.gacr.cas.cz/wordpress/"
"Mikrobiologie, imunologie, epidemiologie a hygiena","Helena","Tlaskalová-Hogenová","Mikrobiologický ústav AV ČR, Praha 4",2007,"https://wayback.webarchiv.cz/wayback/20071007210841/http://pala.gacr.cas.cz/wordpress/"
"Mikrobiologie, imunologie, epidemiologie a hygiena","Jan","Topinka","Ústav experimentální medicíny AV ČR, Praha 4",2007,"https://wayback.webarchiv.cz/wayback/20071007210841/http://pala.gacr.cas.cz/wordpress/"
"Mikrobiologie, imunologie, epidemiologie a hygiena","Pavel","Vodička","Ústav experimentální medicíny AV ČR, Praha 4",2007,"https://wayback.webarchiv.cz/wayback/20071007210841/http://pala.gacr.cas.cz/wordpress/"
"Filosofie, teologie a religionistika","Pavel","Baran","Filosofický ústav AV ČR, Praha 1",2007,"https://wayback.webarchiv.cz/wayback/20071007210841/http://pala.gacr.cas.cz/wordpress/"
"Filosofie, teologie a religionistika","Radim","Brázda","Masarykova univerzita Filozofická fakulta Brno",2007,"https://wayback.webarchiv.cz/wayback/20071007210841/http://pala.gacr.cas.cz/wordpress/"
"Filosofie, teologie a religionistika","Josef","Dolista",", Jihočeská univerzita v Českých Budějovicích Zdravotně sociální fakulta České Budějovice",2007,"https://wayback.webarchiv.cz/wayback/20071007210841/http://pala.gacr.cas.cz/wordpress/"
"Filosofie, teologie a religionistika","Marie","Duží","Vysoká škola báňská - Technická univerzita Ostrava Fakulta elektrotechniky a informatiky Ostrava 4",2007,"https://wayback.webarchiv.cz/wayback/20071007210841/http://pala.gacr.cas.cz/wordpress/"
"Filosofie, teologie a religionistika","Aleš","Havlíček","OIKOYMENH, občanské sdružení Praha 5",2007,"https://wayback.webarchiv.cz/wayback/20071007210841/http://pala.gacr.cas.cz/wordpress/"
"Filosofie, teologie a religionistika","Petr","Koťátko","Filosofický ústav AV ČR, Praha 1",2007,"https://wayback.webarchiv.cz/wayback/20071007210841/http://pala.gacr.cas.cz/wordpress/"
"Filosofie, teologie a religionistika","Zdeněk","Kučera","Univerzita Hradec Králové Pedagogická fakulta Hradec Králové",2007,"https://wayback.webarchiv.cz/wayback/20071007210841/http://pala.gacr.cas.cz/wordpress/"
"Filosofie, teologie a religionistika","Jan","Blahoslav","Lášek Univerzita Karlova v Praze Husitská teologická fakulta Praha 4 - Krč",2007,"https://wayback.webarchiv.cz/wayback/20071007210841/http://pala.gacr.cas.cz/wordpress/"
"Filosofie, teologie a religionistika","Milan","Mráz","Filosofický ústav AV ČR, Praha 1",2007,"https://wayback.webarchiv.cz/wayback/20071007210841/http://pala.gacr.cas.cz/wordpress/"
"Filosofie, teologie a religionistika","Ladislav","Tichý","Univerzita Palackého v Olomouci Cyrilometodějská teologická fakulta Olomouc",2007,"https://wayback.webarchiv.cz/wayback/20071007210841/http://pala.gacr.cas.cz/wordpress/"
"Filosofie, teologie a religionistika","David","Václavík","Masarykova univerzita Filozofická fakulta Brno",2007,"https://wayback.webarchiv.cz/wayback/20071007210841/http://pala.gacr.cas.cz/wordpress/"
"Ekonomické vědy","Anna","Čermáková","Jihočeská univerzita v Českých Budějovicích Ekonomická fakulta České Budějovice",2007,"https://wayback.webarchiv.cz/wayback/20071007210841/http://pala.gacr.cas.cz/wordpress/"
"Ekonomické vědy","Jana","Hančlová","Vysoká škola báňská - Technická univerzita Ostrava Ostrava-Poruba",2007,"https://wayback.webarchiv.cz/wayback/20071007210841/http://pala.gacr.cas.cz/wordpress/"
"Ekonomické vědy","Josef","Hurta","CSc Univerzita Tomáše Bati ve Zlíně Fakulta managementu a ekonomiky ve Zlíně Zlín",2007,"https://wayback.webarchiv.cz/wayback/20071007210841/http://pala.gacr.cas.cz/wordpress/"
"Ekonomické vědy","Vratislav","Izák","Vysoká škola ekonomická v Praze Fakulta financí a účetnictví Praha 3",2007,"https://wayback.webarchiv.cz/wayback/20071007210841/http://pala.gacr.cas.cz/wordpress/"
"Ekonomické vědy","Josef","Jablonský","Vysoká škola ekonomická v Praze Fakulta informatiky a statistiky Praha 3",2007,"https://wayback.webarchiv.cz/wayback/20071007210841/http://pala.gacr.cas.cz/wordpress/"
"Ekonomické vědy","Karel","Janda","Univerzita Karlova v Praze Fakulta sociálních věd Praha 1",2007,"https://wayback.webarchiv.cz/wayback/20071007210841/http://pala.gacr.cas.cz/wordpress/"
"Ekonomické vědy","Vlasta","Kaňková","Ústav teorie informace a automatizace AV ČR, Praha 8",2007,"https://wayback.webarchiv.cz/wayback/20071007210841/http://pala.gacr.cas.cz/wordpress/"
"Ekonomické vědy","Jiří","Kern","Vysoká škola báňská - Technická univerzita Ostrava Ekonomická fakulta Ostrava 1",2007,"https://wayback.webarchiv.cz/wayback/20071007210841/http://pala.gacr.cas.cz/wordpress/"
"Ekonomické vědy","Evžen","Kočenda","Univerzita Karlova v Praze CERGE UK Praha 1",2007,"https://wayback.webarchiv.cz/wayback/20071007210841/http://pala.gacr.cas.cz/wordpress/"
"Ekonomické vědy","Lumír","Kulhánek","Slezská univerzita v Opavě Obchodně podnikatelská fakulta v Karviné Karviná",2007,"https://wayback.webarchiv.cz/wayback/20071007210841/http://pala.gacr.cas.cz/wordpress/"
"Ekonomické vědy","Martin","Macháček","Vysoká škola báňská - Technická univerzita Ostrava Ekonomická fakulta Ostrava 1",2007,"https://wayback.webarchiv.cz/wayback/20071007210841/http://pala.gacr.cas.cz/wordpress/"
"Ekonomické vědy","Petr","Marek","Vysoká škola ekonomická v Praze Fakulta financí a účetnictví Praha 3",2007,"https://wayback.webarchiv.cz/wayback/20071007210841/http://pala.gacr.cas.cz/wordpress/"
"Ekonomické vědy","Michal","Mejstřík","Univerzita Karlova v Praze Fakulta sociálních věd Praha 1",2007,"https://wayback.webarchiv.cz/wayback/20071007210841/http://pala.gacr.cas.cz/wordpress/"
"Ekonomické vědy","Petr","Musílek","Vysoká škola ekonomická v Praze Fakulta financí a účetnictví Praha 3",2007,"https://wayback.webarchiv.cz/wayback/20071007210841/http://pala.gacr.cas.cz/wordpress/"
"Ekonomické vědy","Stanislav","Polouček","Slezská univerzita v Opavě Obchodně podnikatelská fakulta v Karviné Karviná",2007,"https://wayback.webarchiv.cz/wayback/20071007210841/http://pala.gacr.cas.cz/wordpress/"
"Ekonomické vědy","Ondřej","Schneider","Univerzita Karlova v Praze Fakulta sociálních věd Praha 1",2007,"https://wayback.webarchiv.cz/wayback/20071007210841/http://pala.gacr.cas.cz/wordpress/"
"Ekonomické vědy","Miloslav","Vošvrda","Ústav teorie informace a automatizace AV ČR, Praha 8",2007,"https://wayback.webarchiv.cz/wayback/20071007210841/http://pala.gacr.cas.cz/wordpress/"
"Ekonomické vědy","Milan","Žák","Grantový fond VŠEM, Praha 2",2007,"https://wayback.webarchiv.cz/wayback/20071007210841/http://pala.gacr.cas.cz/wordpress/"
"Sociologie","Ladislav","Cabada","Západočeská univerzita v Plzni Plzeň",2007,"https://wayback.webarchiv.cz/wayback/20071007210841/http://pala.gacr.cas.cz/wordpress/"
"Sociologie","Dušan","Drbohlav","Univerzita Karlova v Praze Přírodovědecká fakulta Praha 2",2007,"https://wayback.webarchiv.cz/wayback/20071007210841/http://pala.gacr.cas.cz/wordpress/"
"Sociologie","Hynek","Jeřábek","Univerzita Karlova v Praze Fakulta sociálních věd Praha 5",2007,"https://wayback.webarchiv.cz/wayback/20071007210841/http://pala.gacr.cas.cz/wordpress/"
"Sociologie","Jan","Jirák","Univerzita Karlova v Praze Fakulta sociálních věd Praha 1",2007,"https://wayback.webarchiv.cz/wayback/20071007210841/http://pala.gacr.cas.cz/wordpress/"
"Sociologie","Jiří","Kabele","Univerzita Karlova v Praze Fakulta sociálních věd Praha 1",2007,"https://wayback.webarchiv.cz/wayback/20071007210841/http://pala.gacr.cas.cz/wordpress/"
"Sociologie","Jaroslava","Kadeřábková","Vysoká škola ekonomická v Praze Fakulta národohospodářská Praha 3",2007,"https://wayback.webarchiv.cz/wayback/20071007210841/http://pala.gacr.cas.cz/wordpress/"
"Sociologie","Martin","Kreidl",", Západočeská univerzita v Plzni Fakulta filozofická Plzeň",2007,"https://wayback.webarchiv.cz/wayback/20071007210841/http://pala.gacr.cas.cz/wordpress/"
"Sociologie","Petr","Matějů","Sociologický ústav AV ČR, Praha 1",2007,"https://wayback.webarchiv.cz/wayback/20071007210841/http://pala.gacr.cas.cz/wordpress/"
"Sociologie","Karel","Müller","Univerzita Karlova v Praze Fakulta humanitních studií Praha 5",2007,"https://wayback.webarchiv.cz/wayback/20071007210841/http://pala.gacr.cas.cz/wordpress/"
"Sociologie","Pavel","Navrátil","Masarykova univerzita Fakulta sociálních studií Brno",2007,"https://wayback.webarchiv.cz/wayback/20071007210841/http://pala.gacr.cas.cz/wordpress/"
"Sociologie","Igor","Nosál","Masarykova univerzita Fakulta sociálních studií Brno",2007,"https://wayback.webarchiv.cz/wayback/20071007210841/http://pala.gacr.cas.cz/wordpress/"
"Sociologie","Petr","Pavlík","Univerzita Karlova v Praze Fakulta humanitních studií Praha 5",2007,"https://wayback.webarchiv.cz/wayback/20071007210841/http://pala.gacr.cas.cz/wordpress/"
"Sociologie","et","Klára","Plecitá Sociologický ústav AV ČR, Praha 1",2007,"https://wayback.webarchiv.cz/wayback/20071007210841/http://pala.gacr.cas.cz/wordpress/"
"Sociologie","Dan","Ryšavý","Univerzita Palackého v Olomouci Filozofická fakulta Olomouc",2007,"https://wayback.webarchiv.cz/wayback/20071007210841/http://pala.gacr.cas.cz/wordpress/"
"Sociologie","Marek","Skovajsa",", Sociologický ústav AV ČR, Praha 1",2007,"https://wayback.webarchiv.cz/wayback/20071007210841/http://pala.gacr.cas.cz/wordpress/"
"Sociologie","Bohuslav","Šalanda","Univerzita Pardubice Fakulta filozofická Pardubice",2007,"https://wayback.webarchiv.cz/wayback/20071007210841/http://pala.gacr.cas.cz/wordpress/"
"Sociologie","Iva","Šmídová","Masarykova univerzita Fakulta sociálních studií Brno",2007,"https://wayback.webarchiv.cz/wayback/20071007210841/http://pala.gacr.cas.cz/wordpress/"
"Sociologie","Jiří","Šubrt","Univerzita Karlova v Praze Filozofická fakulta Praha 1",2007,"https://wayback.webarchiv.cz/wayback/20071007210841/http://pala.gacr.cas.cz/wordpress/"
"Historické vědy, národopis","Ivana","Čornejová","Univerzita Karlova v Praze Ústav dějin Univerzity Karlovy a archiv Univerzity Karlovy Praha 1",2007,"https://wayback.webarchiv.cz/wayback/20071007210841/http://pala.gacr.cas.cz/wordpress/"
"Historické vědy, národopis","Zdeněk","Dragoun","Národní památkový ústav Praha 1",2007,"https://wayback.webarchiv.cz/wayback/20071007210841/http://pala.gacr.cas.cz/wordpress/"
"Historické vědy, národopis","Petr","Drda","Archeologický ústav AV ČR, Praha, Praha 1",2007,"https://wayback.webarchiv.cz/wayback/20071007210841/http://pala.gacr.cas.cz/wordpress/"
"Historické vědy, národopis","Josef","Grulich","Jihočeská univerzita v Českých Budějovicích Filozofická fakulta České Budějovice",2007,"https://wayback.webarchiv.cz/wayback/20071007210841/http://pala.gacr.cas.cz/wordpress/"
"Historické vědy, národopis","Milan","Hlavačka","Univerzita Karlova v Praze Filozofická fakulta Praha 1",2007,"https://wayback.webarchiv.cz/wayback/20071007210841/http://pala.gacr.cas.cz/wordpress/"
"Historické vědy, národopis","Libor","Jan","Masarykova univerzita Filozofická fakulta Brno",2007,"https://wayback.webarchiv.cz/wayback/20071007210841/http://pala.gacr.cas.cz/wordpress/"
"Historické vědy, národopis","Bohuslav","Klíma","Masarykova univerzita Pedagogická fakulta Brno",2007,"https://wayback.webarchiv.cz/wayback/20071007210841/http://pala.gacr.cas.cz/wordpress/"
"Historické vědy, národopis","Tomáš","Krejčík","Ostravská univerzita v Ostravě Filozofická fakulta Ostrava 1",2007,"https://wayback.webarchiv.cz/wayback/20071007210841/http://pala.gacr.cas.cz/wordpress/"
"Historické vědy, národopis","Milena","Lenderová","Univerzita Pardubice Fakulta filozofická Pardubice",2007,"https://wayback.webarchiv.cz/wayback/20071007210841/http://pala.gacr.cas.cz/wordpress/"
"Historické vědy, národopis","Václav","Matoušek","Univerzita Karlova v Praze Fakulta humanitních studií Praha 5",2007,"https://wayback.webarchiv.cz/wayback/20071007210841/http://pala.gacr.cas.cz/wordpress/"
"Historické vědy, národopis","Hana","Pátková","Univerzita Karlova v Praze Filozofická fakulta Praha 1",2007,"https://wayback.webarchiv.cz/wayback/20071007210841/http://pala.gacr.cas.cz/wordpress/"
"Historické vědy, národopis","Stanislav","Stuchlík","Slezská univerzita v Opavě Filozoficko-přírodovědecká fakulta Opava",2007,"https://wayback.webarchiv.cz/wayback/20071007210841/http://pala.gacr.cas.cz/wordpress/"
"Historické vědy, národopis","Jaroslav","Tejral","Archeologický ústav AV ČR, Brno, Brno",2007,"https://wayback.webarchiv.cz/wayback/20071007210841/http://pala.gacr.cas.cz/wordpress/"
"Historické vědy, národopis","Lubomír","Tyllner","Etnologický ústav AV ČR, Praha 1",2007,"https://wayback.webarchiv.cz/wayback/20071007210841/http://pala.gacr.cas.cz/wordpress/"
"Historické vědy, národopis","Petr","Vorel","Východočeské muzeum Pardubice",2007,"https://wayback.webarchiv.cz/wayback/20071007210841/http://pala.gacr.cas.cz/wordpress/"
"Historické vědy, národopis","František","Vrhel","Univerzita Karlova v Praze Filozofická fakulta Praha 1",2007,"https://wayback.webarchiv.cz/wayback/20071007210841/http://pala.gacr.cas.cz/wordpress/"
"Filologie","Daša","Bartoňková","Masarykova univerzita Filozofická fakulta Brno",2007,"https://wayback.webarchiv.cz/wayback/20071007210841/http://pala.gacr.cas.cz/wordpress/"
"Filologie","Jana","Bartůňková","Univerzita Hradec Králové Pedagogická fakulta Hradec Králové",2007,"https://wayback.webarchiv.cz/wayback/20071007210841/http://pala.gacr.cas.cz/wordpress/"
"Filologie","Michal","Bauer","Jihočeská univerzita v Českých Budějovicích Filozofická fakulta České Budějovice",2007,"https://wayback.webarchiv.cz/wayback/20071007210841/http://pala.gacr.cas.cz/wordpress/"
"Filologie","Vlasta","Hlavičková","Vysoká škola ekonomická v Praze Fakulta mezinárodních vztahů Praha 3",2007,"https://wayback.webarchiv.cz/wayback/20071007210841/http://pala.gacr.cas.cz/wordpress/"
"Filologie","Jana","Hoffmannová","Ústav pro jazyk český AV ČR, Praha 1",2007,"https://wayback.webarchiv.cz/wayback/20071007210841/http://pala.gacr.cas.cz/wordpress/"
"Filologie","Jiří","Holý","Univerzita Karlova v Praze Filozofická fakulta Praha 1",2007,"https://wayback.webarchiv.cz/wayback/20071007210841/http://pala.gacr.cas.cz/wordpress/"
"Filologie","Tomáš","Hoskovec","Masarykova univerzita Filozofická fakulta Brno",2007,"https://wayback.webarchiv.cz/wayback/20071007210841/http://pala.gacr.cas.cz/wordpress/"
"Filologie","Ilona","Janyšková","Ústav pro jazyk český AV ČR, Brno",2007,"https://wayback.webarchiv.cz/wayback/20071007210841/http://pala.gacr.cas.cz/wordpress/"
"Filologie","Pavel","Kolář","Slezská univerzita v Opavě Filozoficko-přírodovědecká fakulta Opava",2007,"https://wayback.webarchiv.cz/wayback/20071007210841/http://pala.gacr.cas.cz/wordpress/"
"Filologie","Jaroslav","Kovář","Masarykova univerzita Filozofická fakulta Brno",2007,"https://wayback.webarchiv.cz/wayback/20071007210841/http://pala.gacr.cas.cz/wordpress/"
"Filologie","Oldřich","Král","Univerzita Karlova v Praze Filozofická fakulta Praha 1",2007,"https://wayback.webarchiv.cz/wayback/20071007210841/http://pala.gacr.cas.cz/wordpress/"
"Filologie","Jarmila","Panevová","Univerzita Karlova v Praze Matematicko-fyzikální fakulta Praha 1",2007,"https://wayback.webarchiv.cz/wayback/20071007210841/http://pala.gacr.cas.cz/wordpress/"
"Filologie","Václav","Petrbok","Ústav pro českou literaturu AV ČR, Praha 1",2007,"https://wayback.webarchiv.cz/wayback/20071007210841/http://pala.gacr.cas.cz/wordpress/"
"Filologie","Michal","Přibáň","Ústav pro českou literaturu AV ČR, Brno",2007,"https://wayback.webarchiv.cz/wayback/20071007210841/http://pala.gacr.cas.cz/wordpress/"
"Filologie","Irena","Přibylová","Masarykova univerzita Pedagogická fakulta Brno",2007,"https://wayback.webarchiv.cz/wayback/20071007210841/http://pala.gacr.cas.cz/wordpress/"
"Filologie","Hana","Srpová","Ostravská univerzita v Ostravě Filozofická fakulta Ostrava 1",2007,"https://wayback.webarchiv.cz/wayback/20071007210841/http://pala.gacr.cas.cz/wordpress/"
"Filologie","Jana","Svobodová","Ostravská univerzita v Ostravě Ostrava 1",2007,"https://wayback.webarchiv.cz/wayback/20071007210841/http://pala.gacr.cas.cz/wordpress/"
"Filologie","Hana","Šedinová","Filosofický ústav AV ČR, Kabinet pro klasická studia Praha 1",2007,"https://wayback.webarchiv.cz/wayback/20071007210841/http://pala.gacr.cas.cz/wordpress/"
"Psychologie, pedagogika","Vojtěch","Gajda","Ostravská univerzita v Ostravě Pedagogická fakulta Ostrava",2007,"https://wayback.webarchiv.cz/wayback/20071007210841/http://pala.gacr.cas.cz/wordpress/"
"Psychologie, pedagogika","Ilona","Gillernová","Univerzita Karlova v Praze Filozofická fakulta Praha 1",2007,"https://wayback.webarchiv.cz/wayback/20071007210841/http://pala.gacr.cas.cz/wordpress/"
"Psychologie, pedagogika","Milan","Hejný","Univerzita Karlova v Praze Pedagogická fakulta Praha 1",2007,"https://wayback.webarchiv.cz/wayback/20071007210841/http://pala.gacr.cas.cz/wordpress/"
"Psychologie, pedagogika","Vladimír","Kebza","Státní zdravotní ústav Praha 10",2007,"https://wayback.webarchiv.cz/wayback/20071007210841/http://pala.gacr.cas.cz/wordpress/"
"Psychologie, pedagogika","Miloš","Kučera","Univerzita Karlova v Praze Pedagogická fakulta Praha 1",2007,"https://wayback.webarchiv.cz/wayback/20071007210841/http://pala.gacr.cas.cz/wordpress/"
"Psychologie, pedagogika","Pavel","Mühlpachr","Masarykova univerzita Pedagogická fakulta Brno",2007,"https://wayback.webarchiv.cz/wayback/20071007210841/http://pala.gacr.cas.cz/wordpress/"
"Psychologie, pedagogika","Michaela","Píšová","D, Univerzita Pardubice Fakulta filozofická Pardubice",2007,"https://wayback.webarchiv.cz/wayback/20071007210841/http://pala.gacr.cas.cz/wordpress/"
"Psychologie, pedagogika","Milada","Rabušicová","Masarykova univerzita Filozofická fakulta Brno",2007,"https://wayback.webarchiv.cz/wayback/20071007210841/http://pala.gacr.cas.cz/wordpress/"
"Psychologie, pedagogika","Evžen","Řehulka","Masarykova univerzita Pedagogická fakulta Brno",2007,"https://wayback.webarchiv.cz/wayback/20071007210841/http://pala.gacr.cas.cz/wordpress/"
"Psychologie, pedagogika","Julius","Sekera","Ostravská univerzita v Ostravě Pedagogická fakulta Ostrava",2007,"https://wayback.webarchiv.cz/wayback/20071007210841/http://pala.gacr.cas.cz/wordpress/"
"Psychologie, pedagogika","Eva","Souralová","Univerzita Palackého v Olomouci Pedagogická fakulta Olomouc",2007,"https://wayback.webarchiv.cz/wayback/20071007210841/http://pala.gacr.cas.cz/wordpress/"
"Psychologie, pedagogika","Jitka","Šimíčková-Čížková","Ostravská Univerzita Pedagogická fakulta Ostrava",2007,"https://wayback.webarchiv.cz/wayback/20071007210841/http://pala.gacr.cas.cz/wordpress/"
"Psychologie, pedagogika","Vlastimil","Švec","Univerzita Tomáše Bati ve Zlíně Fakulta humanitních studií Zlím",2007,"https://wayback.webarchiv.cz/wayback/20071007210841/http://pala.gacr.cas.cz/wordpress/"
"Psychologie, pedagogika","Mojmír","Tyrlík","Masarykova univerzita Filozofická fakulta Brno",2007,"https://wayback.webarchiv.cz/wayback/20071007210841/http://pala.gacr.cas.cz/wordpress/"
"Psychologie, pedagogika","Alena","Vališová","Univerzita Karlova v Praze Filozofická fakulta Praha 1",2007,"https://wayback.webarchiv.cz/wayback/20071007210841/http://pala.gacr.cas.cz/wordpress/"
"Psychologie, pedagogika","Helena","Záškodná","Jihočeská univerzita v Českých Budějovicích Zdravotně sociální fakulta České Budějovice",2007,"https://wayback.webarchiv.cz/wayback/20071007210841/http://pala.gacr.cas.cz/wordpress/"
"Právní vědy, politologie","Karolina","Adamová","Ústav státu a práva AV ČR, Praha 1",2007,"https://wayback.webarchiv.cz/wayback/20071007210841/http://pala.gacr.cas.cz/wordpress/"
"Právní vědy, politologie","Martin","Boháček","Vysoká škola ekonomická v Praze Fakulta mezinárodních vztahů Praha 3",2007,"https://wayback.webarchiv.cz/wayback/20071007210841/http://pala.gacr.cas.cz/wordpress/"
"Právní vědy, politologie","Bořivoj","Hnízdo","Univerzita Karlova v Praze Filozofická fakulta Praha 1",2007,"https://wayback.webarchiv.cz/wayback/20071007210841/http://pala.gacr.cas.cz/wordpress/"
"Právní vědy, politologie","Drahomíra","Houbová","Masarykova univerzita Právnická fakulta Brno",2007,"https://wayback.webarchiv.cz/wayback/20071007210841/http://pala.gacr.cas.cz/wordpress/"
"Právní vědy, politologie","Marie","Karfíková","Univerzita Karlova v Praze Právnická fakulta Praha 1",2007,"https://wayback.webarchiv.cz/wayback/20071007210841/http://pala.gacr.cas.cz/wordpress/"
"Právní vědy, politologie","Michal","Klíma","Vysoká škola ekonomická v Praze Fakulta mezinárodních vztahů Praha 3",2007,"https://wayback.webarchiv.cz/wayback/20071007210841/http://pala.gacr.cas.cz/wordpress/"
"Právní vědy, politologie","Tatiana","Machalová",", Masarykova univerzita Právnická fakulta Brno",2007,"https://wayback.webarchiv.cz/wayback/20071007210841/http://pala.gacr.cas.cz/wordpress/"
"Právní vědy, politologie","Ján","Matejka","Ústav státu a práva AV ČR, Praha 1",2007,"https://wayback.webarchiv.cz/wayback/20071007210841/http://pala.gacr.cas.cz/wordpress/"
"Právní vědy, politologie","František","Novák","Ústav státu a práva AV ČR, Praha 1",2007,"https://wayback.webarchiv.cz/wayback/20071007210841/http://pala.gacr.cas.cz/wordpress/"
"Právní vědy, politologie","Monika","Pauknerová","Ústav státu a práva AV ČR, Praha 1",2007,"https://wayback.webarchiv.cz/wayback/20071007210841/http://pala.gacr.cas.cz/wordpress/"
"Právní vědy, politologie","Jana","Reschová","Vysoká škola ekonomická v Praze Fakulta mezinárodních vztahů Praha 3",2007,"https://wayback.webarchiv.cz/wayback/20071007210841/http://pala.gacr.cas.cz/wordpress/"
"Právní vědy, politologie","Lenka","Rovná","Univerzita Karlova v Praze Fakulta sociálních věd Praha 1",2007,"https://wayback.webarchiv.cz/wayback/20071007210841/http://pala.gacr.cas.cz/wordpress/"
"Právní vědy, politologie","Milan","Znoj","Univerzita Karlova v Praze Filozofická fakulta Praha 1",2007,"https://wayback.webarchiv.cz/wayback/20071007210841/http://pala.gacr.cas.cz/wordpress/"
"Estetika, hudební věda a vědy o umění","Jarmila","Doubravová","Praha 10",2007,"https://wayback.webarchiv.cz/wayback/20071007210841/http://pala.gacr.cas.cz/wordpress/"
"Estetika, hudební věda a vědy o umění","Roman","Dykast","Akademie múzických umění v Praze Hudební fakulta Praha 1",2007,"https://wayback.webarchiv.cz/wayback/20071007210841/http://pala.gacr.cas.cz/wordpress/"
"Estetika, hudební věda a vědy o umění","Leoš","Faltus","Janáčkova akademie múzických umění v Brně Hudební fakulta Brno",2007,"https://wayback.webarchiv.cz/wayback/20071007210841/http://pala.gacr.cas.cz/wordpress/"
"Estetika, hudební věda a vědy o umění","Július","Gajdoš","Masarykova univerzita Filozofická fakulta Brno",2007,"https://wayback.webarchiv.cz/wayback/20071007210841/http://pala.gacr.cas.cz/wordpress/"
"Estetika, hudební věda a vědy o umění","Jana","Hlaváčková","Univerzita Karlova v Praze Filozofická fakulta Praha 1",2007,"https://wayback.webarchiv.cz/wayback/20071007210841/http://pala.gacr.cas.cz/wordpress/"
"Estetika, hudební věda a vědy o umění","Ondřej","Jakubec","Muzeum umění Olomouc, státní příspěvková organizace Olomouc",2007,"https://wayback.webarchiv.cz/wayback/20071007210841/http://pala.gacr.cas.cz/wordpress/"
"Estetika, hudební věda a vědy o umění","Petra","Hanáková",", Univerzita Karlova v Praze Filozofická fakulta Praha 1",2007,"https://wayback.webarchiv.cz/wayback/20071007210841/http://pala.gacr.cas.cz/wordpress/"
"Estetika, hudební věda a vědy o umění","Vojtěch","Lahoda","Ústav dějin umění AV ČR, Praha 1",2007,"https://wayback.webarchiv.cz/wayback/20071007210841/http://pala.gacr.cas.cz/wordpress/"
"Estetika, hudební věda a vědy o umění","Jiří","Luska","Univerzita Palackého v Olomouci Pedagogická fakulta Olomouc",2007,"https://wayback.webarchiv.cz/wayback/20071007210841/http://pala.gacr.cas.cz/wordpress/"
"Estetika, hudební věda a vědy o umění","Taťána","Petrasová","Ústav dějin umění AV ČR, Praha 1",2007,"https://wayback.webarchiv.cz/wayback/20071007210841/http://pala.gacr.cas.cz/wordpress/"
"Estetika, hudební věda a vědy o umění","Alena","Pomajzlová","Masarykova univerzita Filozofická fakulta Brno",2007,"https://wayback.webarchiv.cz/wayback/20071007210841/http://pala.gacr.cas.cz/wordpress/"
"Estetika, hudební věda a vědy o umění","Karel","Steinmetz","Univerzita Palackého v Olomouci Pedagogická fakulta Olomouc",2007,"https://wayback.webarchiv.cz/wayback/20071007210841/http://pala.gacr.cas.cz/wordpress/"
"Estetika, hudební věda a vědy o umění","Jaroslav","Vostrý","Akademie múzických umění v Praze Divadelní fakulta Praha 1",2007,"https://wayback.webarchiv.cz/wayback/20071007210841/http://pala.gacr.cas.cz/wordpress/"
"Dějiny 19. a 20. století","Jana","Burešová","Univerzita Palackého v Olomouci Filozofická fakulta Olomouc",2007,"https://wayback.webarchiv.cz/wayback/20071007210841/http://pala.gacr.cas.cz/wordpress/"
"Dějiny 19. a 20. století","Vratislav","Doubek","Univerzita Karlova v Praze Filozofická fakulta Praha 5",2007,"https://wayback.webarchiv.cz/wayback/20071007210841/http://pala.gacr.cas.cz/wordpress/"
"Dějiny 19. a 20. století","Eva","Gregorovičová","Národní archiv Praha 4 Chodovec",2007,"https://wayback.webarchiv.cz/wayback/20071007210841/http://pala.gacr.cas.cz/wordpress/"
"Dějiny 19. a 20. století","Ladislav","Hladký","Historický ústav AV ČR, Brno",2007,"https://wayback.webarchiv.cz/wayback/20071007210841/http://pala.gacr.cas.cz/wordpress/"
"Dějiny 19. a 20. století","Bohumil","Jiroušek","Jihočeská univerzita v Českých Budějovicích Filozofická fakulta České Budějovice",2007,"https://wayback.webarchiv.cz/wayback/20071007210841/http://pala.gacr.cas.cz/wordpress/"
"Dějiny 19. a 20. století","Jiří","Knapík","Slezská univerzita v Opavě Filozoficko-přírodovědecká fakulta Opava",2007,"https://wayback.webarchiv.cz/wayback/20071007210841/http://pala.gacr.cas.cz/wordpress/"
"Dějiny 19. a 20. století","Barbara","Köpplová","Univerzita Karlova v Praze Fakulta sociálních věd Praha 1",2007,"https://wayback.webarchiv.cz/wayback/20071007210841/http://pala.gacr.cas.cz/wordpress/"
"Dějiny 19. a 20. století","Jiří","Pokorný","Univerzita Karlova v Praze Pedagogická fakulta Praha 1",2007,"https://wayback.webarchiv.cz/wayback/20071007210841/http://pala.gacr.cas.cz/wordpress/"
"Dějiny 19. a 20. století","Hana","Svatošová","Magistrát Prahy odbor Archiv Prahy Praha 4",2007,"https://wayback.webarchiv.cz/wayback/20071007210841/http://pala.gacr.cas.cz/wordpress/"
"Dějiny 19. a 20. století","Kamil","Štěpánek","Masarykova univerzita Pedagogická fakulta Brno",2007,"https://wayback.webarchiv.cz/wayback/20071007210841/http://pala.gacr.cas.cz/wordpress/"
"Dějiny 19. a 20. století","Miroslav","Vaněk","Ústav pro soudobé dějiny AV ČR, Praha 1",2007,"https://wayback.webarchiv.cz/wayback/20071007210841/http://pala.gacr.cas.cz/wordpress/"
"Dějiny 19. a 20. století","Václav","Vondrášek","Ministerstvo obrany Univerzita obrany Brno",2007,"https://wayback.webarchiv.cz/wayback/20071007210841/http://pala.gacr.cas.cz/wordpress/"
"Dějiny 19. a 20. století","Aleš","Zářický","Ostravská univerzita v Ostravě Filozofická fakulta Ostrava 1",2007,"https://wayback.webarchiv.cz/wayback/20071007210841/http://pala.gacr.cas.cz/wordpress/"
