"panelist_name","panel_name","panelist_affiliation","data_category","year"
"Lubomír Antoš"," Strojírenství","ŠKODA AUTO Vysoká škola Mladá Boleslav","sub-branch","2007"
"Jan Čermák"," Strojírenství","České vysoké učení technické v Praze Fakulta strojní Praha 6","sub-branch","2007"
"Tomáš Dlouhý"," Strojírenství","České vysoké učení technické v Praze Fakulta strojní Praha 6","sub-branch","2007"
"Zdeněk Knésl"," Strojírenství","Ústav fyziky materiálů AV ČR, Brno","sub-branch","2007"
"Vladislav Laš"," Strojírenství","Západočeská univerzita v Plzni Fakulta aplikovaných věd Plzeň","sub-branch","2007"
"Jan Melichar"," Strojírenství","České vysoké učení technické v Praze Fakulta strojní Praha 6","sub-branch","2007"
"Pavel Noskievič"," Strojírenství","Vysoká škola báňská - Technická univerzita Ostrava Výzkumné energetické centrum Ostrava - Poruba","sub-branch","2007"
"Bohumil Pacal"," Strojírenství","Vysoké učení technické v Brně Fakulta strojního inženýrství Brno","sub-branch","2007"
"František Pochylý"," Strojírenství","Vysoké učení technické v Brně Fakulta strojního inženýrství Brno","sub-branch","2007"
"Pavel Polach"," Strojírenství","Škoda výzkum Plzeň","sub-branch","2007"
"Jaromír Příhoda"," Strojírenství","Ústav termomechaniky AV ČR, Praha 8","sub-branch","2007"
"Ladislav Půst"," Strojírenství","Ústav termomechaniky AV ČR, Praha 8","sub-branch","2007"
"Aleš Richter"," Strojírenství","Technická univerzita v Liberci Fakulta mechatroniky a mezioborových inženýrských studií Liberec 1","sub-branch","2007"
"Milan Růžička"," Strojírenství","České vysoké učení technické v Praze Fakulta strojní Praha 6","sub-branch","2007"
"Jan Skalla"," Strojírenství","Technická univerzita v Liberci Fakulta strojní Liberec 1","sub-branch","2007"
"Jiří Stodola"," Strojírenství","Ministerstvo obrany Univerzita obrany Brno","sub-branch","2007"
"Jiří Tůma"," Strojírenství","Vysoká škola báňská - Technická univerzita Ostrava Fakulta strojní Ostrava","sub-branch","2007"
"Jaroslav Zapoměl"," Strojírenství","Vysoká škola báňská - Technická univerzita Ostrava Fakulta strojní Ostrava","sub-branch","2007"
"Josef Halámek","Elektrotechnika a kybernetika","Ústav přístrojové techniky AV ČR, Brno","sub-branch","2007"
"Václav Havlíček","Elektrotechnika a kybernetika","České vysoké učení technické v Praze Fakulta elektrotechnická Praha 6","sub-branch","2007"
"Pavel Honzátko","Elektrotechnika a kybernetika","Ústav fotoniky a elektroniky AV ČR, Praha 8 - Kobylisy","sub-branch","2007"
"Jan Honzík","Elektrotechnika a kybernetika","Vysoké učení technické v Brně Fakulta informačních technologií Brno","sub-branch","2007"
"Vojtěch Konopa","Elektrotechnika a kybernetika","Technická univerzita v Liberci Liberec 1","sub-branch","2007"
"Zdeněk Kotásek","Elektrotechnika a kybernetika","Vysoké učení technické v Brně Fakulta informačních technologií Brno","sub-branch","2007"
"Anna Kotlanová","Elektrotechnika a kybernetika","Západočeská univerzita v Plzni Fakulta elektrotechnická Plzeň","sub-branch","2007"
"Václav Kubeček","Elektrotechnika a kybernetika","České vysoké učení technické v Praze Fakulta jaderná a fyzikálně inženýrská Praha 1","sub-branch","2007"
"Jaroslav Nosek","Elektrotechnika a kybernetika","Technická univerzita v Liberci Fakulta mechatroniky a mezioborových inženýrských studií Liberec 1","sub-branch","2007"
"Miroslav Pokorný","Elektrotechnika a kybernetika","Vysoká škola báňská - Technická univerzita Ostrava Fakulta elektrotechniky a informatiky Ostrava 4","sub-branch","2007"
"Václav Přenosil","Elektrotechnika a kybernetika","Masarykova univerzita Fakulta informatiky Brno","sub-branch","2007"
"Vladimír Schejbal","Elektrotechnika a kybernetika","Univerzita Pardubice Dopravní fakulta Jana Pernera Pardubice","sub-branch","2007"
"Luděk Schreier","Elektrotechnika a kybernetika","Ústav termomechaniky AV ČR, Praha 8","sub-branch","2007"
"Václav Šebesta","Elektrotechnika a kybernetika","Ústav informatiky AV ČR, Praha 8 - Libeň","sub-branch","2007"
"Miroslav Šimandl","Elektrotechnika a kybernetika","Západočeská univerzita v Plzni Fakulta aplikovaných věd Plzeň","sub-branch","2007"
"Zdeněk Votruba","Elektrotechnika a kybernetika","České vysoké učení technické v Praze Fakulta dopravní Praha 1","sub-branch","2007"
"Jan Vrba","Elektrotechnika a kybernetika","České vysoké učení technické v Praze Fakulta elektrotechnická Praha 6","sub-branch","2007"
"Radimír Vrba","Elektrotechnika a kybernetika","Vysoké učení technické v Brně Fakulta elektrotechniky a komunikačních technologií Brno","sub-branch","2007"
"Petr Zagalak","Elektrotechnika a kybernetika","Ústav teorie informace a automatizace AV ČR, Praha 8","sub-branch","2007"
"Vlastimil Bílek","Stavebnictví, architektura a doprava","Železniční průmyslová stavební výroba Brno","sub-branch","2007"
"Petr Bouška","Stavebnictví, architektura a doprava","České vysoké učení technické v Praze Kloknerův ústav Praha 6","sub-branch","2007"
"Milena Císlerová","Stavebnictví, architektura a doprava","České vysoké učení technické v Praze Fakulta stavební Praha 6","sub-branch","2007"
"Rostislav Drochytka","Stavebnictví, architektura a doprava","Vysoké učení technické v Brně Fakulta stavební Brno","sub-branch","2007"
"Zdeněk Chára","Stavebnictví, architektura a doprava","Ústav pro hydrodynamiku AV ČR, Praha 6","sub-branch","2007"
"Vladimír Křístek","Stavebnictví, architektura a doprava","České vysoké učení technické v Praze Fakulta stavební Praha 6","sub-branch","2007"
"Bohumil Kubát","Stavebnictví, architektura a doprava","České vysoké učení technické v Praze Fakulta dopravní Praha 1","sub-branch","2007"
"Alois Materna","Stavebnictví, architektura a doprava",",MBA Vysoká škola báňská - Technická univerzita Ostrava Fakulta stavební Ostrava - Poruba","sub-branch","2007"
"Jindřich Melcher","Stavebnictví, architektura a doprava","Vysoké učení technické v Brně Fakulta stavební Brno","sub-branch","2007"
"Vlastislav Mojžíš","Stavebnictví, architektura a doprava","Univerzita Pardubice Dopravní fakulta Jana Pernera Pardubice","sub-branch","2007"
"Jiří Náprstek","Stavebnictví, architektura a doprava","Ústav teoretické a aplikované mechaniky AV ČR, Praha 9","sub-branch","2007"
"Alexandr Rozsypal","Stavebnictví, architektura a doprava","Stavební geologie - Geotechnika, Praha 5","sub-branch","2007"
"Pavel Šaradín","Stavebnictví, architektura a doprava","Univerzita Pardubice Dopravní fakulta Jana Pernera Pardubice","sub-branch","2007"
"Jiljí Šindlar","Stavebnictví, architektura a doprava","Vysoké učení technické v Brně Fakulta architektury Brno","sub-branch","2007"
"Petr Škapa","Stavebnictví, architektura a doprava","Vysoká škola báňská - Technická univerzita Ostrava Fakulta strojní Ostrava","sub-branch","2007"
"Jan Šulc","Stavebnictví, architektura a doprava","Vysoké učení technické v Brně Fakulta stavební Brno","sub-branch","2007"
"Ivan Vaníček","Stavebnictví, architektura a doprava","České vysoké učení technické v Praze Fakulta stavební Praha 6","sub-branch","2007"
"Pavel Vlasák","Stavebnictví, architektura a doprava","Ústav pro hydrodynamiku AV ČR, Praha 6","sub-branch","2007"
"Jaroslav Cihlář","Technická chemie","Vysoké učení technické v Brně Fakulta strojního inženýrství Brno","sub-branch","2007"
"Jiří Čejka","Technická chemie","Ústav fyzikální chemie Heyrovského AV ČR, Praha 8","sub-branch","2007"
"Libor Červený","Technická chemie","Vysoká škola chemicko-technologická v Praze Fakulta chemické technologie Praha 6","sub-branch","2007"
"Jiří Hostomský","Technická chemie","Ústav anorganické chemie AV ČR, Husinec-Řež","sub-branch","2007"
"Jitka Jandová","Technická chemie","Vysoká škola chemicko-technologická v Praze Fakulta chemické technologie Praha 6","sub-branch","2007"
"Josef Janků","Technická chemie","Vysoká škola chemicko-technologická v Praze Fakulta technologie ochrany prostředí Praha 6","sub-branch","2007"
"Karel Jindřich","Technická chemie","Státní úřad pro jadernou bezpečnost Praha 1","sub-branch","2007"
"Petr Kalenda","Technická chemie","Univerzita Pardubice Fakulta chemicko-technologická Pardubice","sub-branch","2007"
"Ladislav Koudelka","Technická chemie","Univerzita Pardubice Fakulta chemicko-technologická Pardubice","sub-branch","2007"
"Zdeněk Kruliš","Technická chemie","Ústav makromolekulární chemie AV ČR, Praha 6","sub-branch","2007"
"Ivan Mašek","Technická chemie","Vysoké učení technické v Brně Fakulta chemická Brno","sub-branch","2007"
"Petr Mikulášek","Technická chemie","Univerzita Pardubice Fakulta chemicko-technologická Pardubice","sub-branch","2007"
"Miroslav Punčochář","Technická chemie","Ústav chemických procesů AV ČR, Praha 6","sub-branch","2007"
"Jan Uhlíř","Technická chemie","Ústav jaderného výzkumu Řež, Řež","sub-branch","2007"
"Michal Veselý","Technická chemie","Vysoké učení technické v Brně Fakulta chemická Brno","sub-branch","2007"
"Jana Zábranská","Technická chemie","Vysoká škola chemicko-technologická v Praze Fakulta technologie ochrany prostředí Praha 6","sub-branch","2007"
"Jaroslav Dvořáček","Hornictví","Vysoká škola báňská - Technická univerzita Ostrava Hornicko-geologická fakulta Ostrava 4","sub-branch","2007"
"František Fraus","Hornictví","Geotechnika a báňské inženýrství Fraus a Březová u Sokolova","sub-branch","2007"
"Vlastimil Hudeček","Hornictví","Vysoká škola báňská - Technická univerzita Ostrava Hornicko-geologická fakulta Ostrava 4","sub-branch","2007"
"Petr Konečný","Hornictví","Ústav geoniky AV ČR, Ostrava - Poruba","sub-branch","2007"
"Vladimír Slivka","Hornictví","Vysoká škola báňská - Technická univerzita Ostrava Hornicko-geologická fakulta Ostrava 4","sub-branch","2007"
"Marcela Šafářová","Hornictví","Výzkumný ústav pro hnědé uhlí, Most","sub-branch","2007"
"Josef Valeš","Hornictví","Výzkumný ústav pro hnědé uhlí, Most","sub-branch","2007"
"Petr Welser","Hornictví","Ostravsko-karvinské doly, Důl Paskov Staříč","sub-branch","2007"
"František Černý","Hutnictví a materiálové inženýrství","České vysoké učení technické v Praze Fakulta strojní Praha 6","sub-branch","2007"
"Jana Dobrovská","Hutnictví a materiálové inženýrství","Vysoká škola báňská - Technická univerzita Ostrava Fakulta metalurgie a materiálového inženýrství Ostrava-Poruba","sub-branch","2007"
"Vladimír Hanykýř","Hutnictví a materiálové inženýrství","Vysoká škola chemicko-technologická v Praze Fakulta chemické technologie Praha 6","sub-branch","2007"
"František Hnilica","Hutnictví a materiálové inženýrství","ÚJP Praha Praha 5 - Zbraslav","sub-branch","2007"
"Jiří Kliber","Hutnictví a materiálové inženýrství","Vysoká škola báňská - Technická univerzita Ostrava Fakulta metalurgie a materiálového inženýrství Ostrava-Poruba","sub-branch","2007"
"Jan Kolařík","Hutnictví a materiálové inženýrství","Ústav makromolekulární chemie AV ČR, Praha 6","sub-branch","2007"
"Jiří Krejčík","Hutnictví a materiálové inženýrství","SVÚM , Praha 9 - Běchovice","sub-branch","2007"
"Pavel Lukáč","Hutnictví a materiálové inženýrství","Univerzita Karlova v Praze Matematicko-fyzikální fakulta Praha 2","sub-branch","2007"
"Karel Matocha","Hutnictví a materiálové inženýrství","VÍTKOVICE - Výzkum a vývoj, s Ostrava - Vítkovice","sub-branch","2007"
"Iva Nová","Hutnictví a materiálové inženýrství","Technická univerzita v Liberci Fakulta strojní Liberec 1","sub-branch","2007"
"Vladivoj Očenášek","Hutnictví a materiálové inženýrství","VÚK Panenské Břežany, Odolena Voda","sub-branch","2007"
"Františka Pešlová","Hutnictví a materiálové inženýrství","České vysoké učení technické v Praze Fakulta strojní Praha 2","sub-branch","2007"
"Jaroslav Pokluda","Hutnictví a materiálové inženýrství","Vysoké učení technické v Brně Fakulta strojního inženýrství Brno","sub-branch","2007"
"Jaroslav Polák","Hutnictví a materiálové inženýrství","Ústav fyziky materiálů AV ČR, Brno","sub-branch","2007"
"Josef Rosenberg","Hutnictví a materiálové inženýrství","Západočeská univerzita v Plzni Fakulta aplikovaných věd Plzeň","sub-branch","2007"
"Jan Siegl","Hutnictví a materiálové inženýrství","České vysoké učení technické v Praze Fakulta jaderná a fyzikálně inženýrská Praha 2","sub-branch","2007"
"Josef Steidl","Hutnictví a materiálové inženýrství","České vysoké učení technické v Praze Fakulta strojní Praha 6","sub-branch","2007"
"Jiří Šejnoha","Hutnictví a materiálové inženýrství","České vysoké učení technické v Praze Fakulta stavební Praha 6","sub-branch","2007"
"Petr Špatenka","Hutnictví a materiálové inženýrství","Technická univerzita v Liberci Fakulta strojní Liberec 1","sub-branch","2007"
"Bohumil Vlach","Hutnictví a materiálové inženýrství","Vysoké učení technické v Brně Fakulta strojního inženýrství Brno","sub-branch","2007"
"Jan Vřešťál","Hutnictví a materiálové inženýrství","Masarykova univerzita Přírodovědecká fakulta Brno","sub-branch","2007"
"Zuzana Weishauptová","Hutnictví a materiálové inženýrství","Ústav struktury a mechaniky hornin AV ČR, Praha 8","sub-branch","2007"
"Miroslav Brzezina","201 Matematika a informatika","Technická univerzita v Liberci Liberec 1","sub-branch","2007"
"Ondřej Došlý","201 Matematika a informatika","Masarykova univerzita Přírodovědecká fakulta Brno","sub-branch","2007"
"Martin Janžura","201 Matematika a informatika","Ústav teorie informace a automatizace AV ČR, Praha 8","sub-branch","2007"
"Jana Jurečková","201 Matematika a informatika","Univerzita Karlova v Praze Matematicko-fyzikální fakulta Praha 8","sub-branch","2007"
"Jozef Kelemen","201 Matematika a informatika","Slezská univerzita v Opavě Filozoficko-přírodovědecká fakulta Opava","sub-branch","2007"
"Karel Kozel","201 Matematika a informatika","České vysoké učení technické v Praze Fakulta strojní Praha 2","sub-branch","2007"
"Mojmír Křetínský","201 Matematika a informatika","Masarykova univerzita Fakulta informatiky Brno","sub-branch","2007"
"Radan Kučera","201 Matematika a informatika","Masarykova univerzita Přírodovědecká fakulta Brno","sub-branch","2007"
"Alois Kufner","201 Matematika a informatika","Matematický ústav AV ČR, Praha 1","sub-branch","2007"
"Luboš Pick","201 Matematika a informatika","Univerzita Karlova v Praze Matematicko-fyzikální fakulta Praha 8","sub-branch","2007"
"František Plášil","201 Matematika a informatika","Univerzita Karlova v Praze Matematicko-fyzikální fakulta Praha 1","sub-branch","2007"
"Jiří Sgall","201 Matematika a informatika","Matematický ústav AV ČR, Praha 1","sub-branch","2007"
"Jan Slovák","201 Matematika a informatika","Masarykova univerzita Přírodovědecká fakulta Brno","sub-branch","2007"
"Vladimír Souček","201 Matematika a informatika","Univerzita Karlova v Praze Matematicko-fyzikální fakulta Praha 8","sub-branch","2007"
"Peter Vojtáš","201 Matematika a informatika","Univerzita Karlova v Praze Matematicko-fyzikální fakulta Praha 1","sub-branch","2007"
"Jiří Voříšek","201 Matematika a informatika","Vysoká škola ekonomická v Praze Fakulta informatiky a statistiky Praha 3","sub-branch","2007"
"Vladimír Aubrecht","202 Fyzika","Vysoké učení technické v Brně Fakulta informačních technologií Brno","sub-branch","2007"
"Petr Boháč","202 Fyzika","Fyzikální ústav AV ČR, Praha 8","sub-branch","2007"
"Jaroslav Cvach","202 Fyzika","Fyzikální ústav AV ČR, Praha 8","sub-branch","2007"
"Miloslav Dušek","202 Fyzika","Univerzita Palackého v Olomouci Přírodovědecká fakulta Olomouc","sub-branch","2007"
"Jiří Englich","202 Fyzika","Univerzita Karlova v Praze Matematicko-fyzikální fakulta Praha 8","sub-branch","2007"
"Ladislav Hlavatý","202 Fyzika","České vysoké učení technické v Praze Fakulta jaderná a fyzikálně inženýrská Praha 1","sub-branch","2007"
"Václav Janiš","202 Fyzika","Fyzikální ústav AV ČR, Praha 8","sub-branch","2007"
"Stanislav Kamba","202 Fyzika","Fyzikální ústav AV ČR, Praha 8","sub-branch","2007"
"Jiří Mareš","202 Fyzika","Fyzikální ústav AV ČR, Praha 6","sub-branch","2007"
"Jiří Mareš","202 Fyzika","Ústav jaderné fyziky AV ČR, Řež u Prahy","sub-branch","2007"
"Pavol Mikula","202 Fyzika","Ústav jaderné fyziky AV ČR, Řež u Prahy","sub-branch","2007"
"Jan Nedbal","202 Fyzika","Univerzita Karlova v Praze Matematicko-fyzikální fakulta Praha 8","sub-branch","2007"
"Pavel Novák","202 Fyzika","Fyzikální ústav AV ČR, Praha 6","sub-branch","2007"
"Stanislav Pekárek","202 Fyzika","České vysoké učení technické v Praze Fakulta elektrotechnická Praha 6","sub-branch","2007"
"Karel Rohlena","202 Fyzika","Fyzikální ústav AV ČR, Praha 8","sub-branch","2007"
"Vladimír Sechovský","202 Fyzika","Univerzita Karlova v Praze Matematicko-fyzikální fakulta Praha 2","sub-branch","2007"
"Milan Tichý","202 Fyzika","Univerzita Karlova v Praze Matematicko-fyzikální fakulta Praha 8","sub-branch","2007"
"Pavel Tlustý","202 Fyzika","Ústav jaderné fyziky AV ČR, Řež u Prahy","sub-branch","2007"
"David Trunec","202 Fyzika","Masarykova univerzita Přírodovědecká fakulta Brno","sub-branch","2007"
"Alice Valkárová","202 Fyzika","Univerzita Karlova v Praze Matematicko-fyzikální fakulta Praha 8","sub-branch","2007"
"Pavel Zemánek","202 Fyzika","Ústav přístrojové techniky AV ČR, Brno","sub-branch","2007"
"Jana Bludská","203 Chemie","Ústav anorganické chemie AV ČR, Husinec-Řež","sub-branch","2007"
"Vladimír Dohnal","203 Chemie","Vysoká škola chemicko-technologická v Praze Fakulta chemické technologie Praha 6","sub-branch","2007"
"Vladimír Havlíček","203 Chemie","Mikrobiologický ústav AV ČR, Praha 4","sub-branch","2007"
"Josef Chmelík","203 Chemie","Ústav analytické chemie AV ČR, Brno","sub-branch","2007"
"Pavel Jandera","203 Chemie","Univerzita Pardubice Fakulta chemicko-technologická Pardubice","sub-branch","2007"
"Vladimír Macháček","203 Chemie","Univerzita Pardubice Fakulta chemicko-technologická Pardubice","sub-branch","2007"
"Ivan Mikšík","203 Chemie","Fyziologický ústav AV ČR, Praha 4","sub-branch","2007"
"Jitka Moravcová","203 Chemie","Vysoká škola chemicko-technologická v Praze Fakulta potravinářské a biochemické technologie Praha 6","sub-branch","2007"
"Josef Novosad","203 Chemie","Masarykova univerzita Přírodovědecká fakulta Brno","sub-branch","2007"
"Věra Pacáková","203 Chemie","Univerzita Karlova v Praze Přírodovědecká fakulta Praha 2","sub-branch","2007"
"Michal Pechar","203 Chemie","Ústav makromolekulární chemie AV ČR, Praha 6","sub-branch","2007"
"Iva Pichová","203 Chemie","Ústav organické chemie a biochemie AV ČR, Praha 6","sub-branch","2007"
"Miroslav Polášek","203 Chemie","Univerzita Karlova v Praze Farmaceutická fakulta Hradec Králové Hradec Králové","sub-branch","2007"
"Milan Potáček","203 Chemie","Masarykova univerzita Přírodovědecká fakulta Brno","sub-branch","2007"
"Irena Prokopová","203 Chemie","Vysoká škola chemicko-technologická v Praze Fakulta chemické technologie Praha 6","sub-branch","2007"
"Zdeněk Samec","203 Chemie","Ústav fyzikální chemie Heyrovského AV ČR, Praha 8","sub-branch","2007"
"Zdeněk Sobalík","203 Chemie","Ústav fyzikální chemie Heyrovského AV ČR, Praha 8","sub-branch","2007"
"Ludvík Streinz","203 Chemie","Ústav organické chemie a biochemie AV ČR, Praha 6","sub-branch","2007"
"Vladimír Sýkora","203 Chemie","Vysoká škola chemicko-technologická v Praze Fakulta technologie ochrany prostředí Praha 6","sub-branch","2007"
"Ladislav Tichý","203 Chemie","Ústav makromolekulární chemie AV ČR, Pardubice","sub-branch","2007"
"Jiří Vohlídal","203 Chemie","Univerzita Karlova v Praze Přírodovědecká fakulta Praha 2","sub-branch","2007"
"Pavla Binarová","204 Buněčná a molekulární biologie","Mikrobiologický ústav AV ČR, Praha 4","sub-branch","2007"
"Vladimír Divoký","204 Buněčná a molekulární biologie","Univerzita Palackého v Olomouci Lékařská fakulta Olomouc","sub-branch","2007"
"Aleš Hampl","204 Buněčná a molekulární biologie","Masarykova univerzita Lékařská fakulta Brno","sub-branch","2007"
"Zdeněk Hodný","204 Buněčná a molekulární biologie","Ústav experimentální medicíny AV ČR, Praha 4","sub-branch","2007"
"Ivan Hrdý","204 Buněčná a molekulární biologie","Univerzita Karlova v Praze Přírodovědecká fakulta Praha 2","sub-branch","2007"
"Marek Jindra","204 Buněčná a molekulární biologie","Biologické centrum AV ČR, Entomologický ústav České Budějovice","sub-branch","2007"
"Vladimír Jirků","204 Buněčná a molekulární biologie","Vysoká škola chemicko-technologická v Praze Fakulta potravinářské a biochemické technologie Praha 6","sub-branch","2007"
"Vladimír Kořínek","204 Buněčná a molekulární biologie","Ústav molekulární genetiky AV ČR, Praha 4 - Krč","sub-branch","2007"
"Jarmila Králová","204 Buněčná a molekulární biologie","Ústav molekulární genetiky AV ČR, Praha 4 - Krč","sub-branch","2007"
"Miroslav Pátek","204 Buněčná a molekulární biologie","Mikrobiologický ústav AV ČR, Praha 4","sub-branch","2007"
"Hana Sychrová","204 Buněčná a molekulární biologie","Fyziologický ústav AV ČR, Praha 4","sub-branch","2007"
"Michal Štros","204 Buněčná a molekulární biologie","Biofyzikální ústav AV ČR, Brno","sub-branch","2007"
"Vratislav Blecha","205 Vědy o Zemi a vesmíru","Univerzita Karlova v Praze Přírodovědecká fakulta Praha 2","sub-branch","2007"
"Ondřej Čadek","205 Vědy o Zemi a vesmíru","Univerzita Karlova v Praze Matematicko-fyzikální fakulta Praha 8","sub-branch","2007"
"Eva Franců","205 Vědy o Zemi a vesmíru","Česká geologická služba pobočka Brno Brno","sub-branch","2007"
"Jiří Frýda","205 Vědy o Zemi a vesmíru","Česká geologická služba Praha 1","sub-branch","2007"
"Lena Halounová","205 Vědy o Zemi a vesmíru","České vysoké učení technické v Praze Fakulta stavební Praha 6","sub-branch","2007"
"Svatoslav Chamra","205 Vědy o Zemi a vesmíru","České vysoké učení technické v Praze Fakulta stavební Praha 6","sub-branch","2007"
"Emil Jelínek","205 Vědy o Zemi a vesmíru","Univerzita Karlova v Praze Přírodovědecká fakulta Praha 2","sub-branch","2007"
"Milan Jeřábek","205 Vědy o Zemi a vesmíru","Univerzita Purkyně, Fakulta přírodovědecká, Ústí Labem","sub-branch","2007"
"Zdeněk Kaláb","205 Vědy o Zemi a vesmíru","Ústav geoniky AV ČR, Ostrava - Poruba","sub-branch","2007"
"Jiří Kvaček","205 Vědy o Zemi a vesmíru","Národní muzeum Praha 1","sub-branch","2007"
"Jan Laštovička","205 Vědy o Zemi a vesmíru","Ústav fyziky atmosféry AV ČR, Praha 4","sub-branch","2007"
"Jiří Mls","205 Vědy o Zemi a vesmíru","Univerzita Karlova v Praze Přírodovědecká fakulta Praha 2","sub-branch","2007"
"Slavomír Nehyba","205 Vědy o Zemi a vesmíru","Masarykova univerzita Přírodovědecká fakulta Brno","sub-branch","2007"
"Zdeněk Němeček","205 Vědy o Zemi a vesmíru","Univerzita Karlova v Praze Matematicko-fyzikální fakulta Praha 8","sub-branch","2007"
"Pavel Novák","205 Vědy o Zemi a vesmíru","Výzkumný ústav geodetický, topografický a kartografický, Zdiby, Praha-východ","sub-branch","2007"
"Milan Novák","205 Vědy o Zemi a vesmíru","Masarykova univerzita Přírodovědecká fakulta Brno","sub-branch","2007"
"Petr Pravec","205 Vědy o Zemi a vesmíru","Astronomický ústav AV ČR, Ondřejov","sub-branch","2007"
"Daniela Řezáčová","205 Vědy o Zemi a vesmíru","Ústav fyziky atmosféry AV ČR, Praha 4","sub-branch","2007"
"Josef Stemberk","205 Vědy o Zemi a vesmíru","Ústav struktury a mechaniky hornin AV ČR, Praha 8","sub-branch","2007"
"Jan Šafanda","205 Vědy o Zemi a vesmíru","Geofyzikální ústav AV ČR, Praha 4","sub-branch","2007"
"David Vokrouhlický","205 Vědy o Zemi a vesmíru","Univerzita Karlova v Praze Matematicko-fyzikální fakulta Praha 8","sub-branch","2007"
"Vít Voženílek","205 Vědy o Zemi a vesmíru","Univerzita Palackého v Olomouci Přírodovědecká fakulta Olomouc","sub-branch","2007"
"Miroslav Vysoudil","205 Vědy o Zemi a vesmíru","CSc Univerzita Palackého v Olomouci Přírodovědecká fakulta Olomouc","sub-branch","2007"
"Karel Žák","205 Vědy o Zemi a vesmíru","Geologický ústav AV ČR, Praha 6 - Lysolaje","sub-branch","2007"
"Vladimír Bejček","206 Obecná a ekologická biologie","Česká zemědělská univerzita v Praze Fakulta lesnická a environmentální Praha 6 - Suchdol","sub-branch","2007"
"Milada Bocáková","206 Obecná a ekologická biologie","Univerzita Palackého v Olomouci Pedagogická fakulta Olomouc","sub-branch","2007"
"Petr Bureš","206 Obecná a ekologická biologie","Masarykova univerzita Přírodovědecká fakulta Brno","sub-branch","2007"
"Viktor Černý","206 Obecná a ekologická biologie","Archeologický ústav AV ČR, Praha, Praha 1","sub-branch","2007"
"Martin Duchoslav","206 Obecná a ekologická biologie","Univerzita Palackého v Olomouci Přírodovědecká fakulta Olomouc","sub-branch","2007"
"Jan Fott","206 Obecná a ekologická biologie","Univerzita Karlova v Praze Přírodovědecká fakulta Praha 2","sub-branch","2007"
"Jan Gloser","206 Obecná a ekologická biologie","Masarykova univerzita Přírodovědecká fakulta Brno","sub-branch","2007"
"Ivan Horáček","206 Obecná a ekologická biologie","Univerzita Karlova v Praze Přírodovědecká fakulta Praha 2","sub-branch","2007"
"Petr Horák","206 Obecná a ekologická biologie","Univerzita Karlova v Praze Přírodovědecká fakulta Praha 2","sub-branch","2007"
"Lubomír Hrouda","206 Obecná a ekologická biologie","Univerzita Karlova v Praze Přírodovědecká fakulta Praha 2","sub-branch","2007"
"Václav Hypša","206 Obecná a ekologická biologie","Jihočeská univerzita v Českých Budějovicích Biologická fakulta České Budějovice","sub-branch","2007"
"Jaroslava Komárková","206 Obecná a ekologická biologie","Biologické centrum AV ČR, Hydrobiologický ústav České Budějovice","sub-branch","2007"
"Josef Komenda","206 Obecná a ekologická biologie","Mikrobiologický ústav AV ČR, Třeboň","sub-branch","2007"
"František Krahulec","206 Obecná a ekologická biologie","Botanický ústav AV ČR, Průhonice","sub-branch","2007"
"Miloš Macholán","206 Obecná a ekologická biologie","Ústav živočišné fyziologie a genetiky AV ČR, Brno 2","sub-branch","2007"
"Karel Prášil","206 Obecná a ekologická biologie","Univerzita Karlova v Praze Přírodovědecká fakulta Praha 2","sub-branch","2007"
"Tomáš Soldán","206 Obecná a ekologická biologie","Biologické centrum AV ČR, Entomologický ústav České Budějovice","sub-branch","2007"
"David Storch","206 Obecná a ekologická biologie","Univerzita Karlova v Praze Centrum pro teoretická studia Praha 1","sub-branch","2007"
"Zdeněk Šesták","206 Obecná a ekologická biologie","Ústav experimentální botaniky AV ČR, Praha 6","sub-branch","2007"
"Jan Šobotník","206 Obecná a ekologická biologie","Ústav organické chemie a biochemie AV ČR, Praha 6","sub-branch","2007"
"Vladimír Uvíra","206 Obecná a ekologická biologie","Univerzita Palackého v Olomouci Přírodovědecká fakulta Olomouc","sub-branch","2007"
"Vladislav Čurn","521 Rostlinná produkce, genetika a šlechtění","Jihočeská univerzita v Českých Budějovicích Zemědělská fakulta České Budějovice","sub-branch","2007"
"Jaroslav Doležel","521 Rostlinná produkce, genetika a šlechtění","Ústav experimentální botaniky AV ČR, Olomouc","sub-branch","2007"
"Jiří Fajkus","521 Rostlinná produkce, genetika a šlechtění","Biofyzikální ústav AV ČR, Brno","sub-branch","2007"
"Martin Fellner","521 Rostlinná produkce, genetika a šlechtění","Univerzita Palackého v Olomouci Přírodovědecká fakulta Olomouc","sub-branch","2007"
"Karel Klem","521 Rostlinná produkce, genetika a šlechtění","Agrotest fyto, Kroměříž","sub-branch","2007"
"Zdeněk Žalud","521 Rostlinná produkce, genetika a šlechtění","Mendelova zemědělská a lesnická univerzita v Brně Agronomická fakulta Brno","sub-branch","2007"
"Antonín Dreiseitl","522 Rostlinolékařství, fyziologie rostlin","Zemědělský výzkumný ústav Kroměříž, Kroměříž","sub-branch","2007"
"Ivo Frébort","522 Rostlinolékařství, fyziologie rostlin",", Univerzita Palackého v Olomouci Přírodovědecká fakulta Olomouc","sub-branch","2007"
"Alois Honěk","522 Rostlinolékařství, fyziologie rostlin","Výzkumný ústav rostlinné výroby, Praha 6 - Ruzyně","sub-branch","2007"
"David Honys","522 Rostlinolékařství, fyziologie rostlin","Ústav experimentální botaniky AV ČR, Praha 6","sub-branch","2007"
"Dalibor Kodrík","522 Rostlinolékařství, fyziologie rostlin","Biologické centrum AV ČR, Entomologický ústav České Budějovice","sub-branch","2007"
"Karel Petrzik","522 Rostlinolékařství, fyziologie rostlin","Biologické centrum AV ČR, Ústav molekulární biologie rostlin České Budějovice","sub-branch","2007"
"Radovan Pokorný","522 Rostlinolékařství, fyziologie rostlin","Mendelova zemědělská a lesnická univerzita v Brně Agronomická fakulta Brno","sub-branch","2007"
"Vladimír Špunda","522 Rostlinolékařství, fyziologie rostlin","Ostravská univerzita v Ostravě Přírodovědecká fakulta Ostrava","sub-branch","2007"
"Olga Valentová","522 Rostlinolékařství, fyziologie rostlin","Vysoká škola chemicko-technologická v Praze Fakulta potravinářské a biochemické technologie Praha 6","sub-branch","2007"
"RNDr Petr","523 Živočišná produkce, genetika a šlechtění","Hořín Veterinární a farmaceutická univerzita Brno Fakulta veterinárního lékařství Brno","sub-branch","2007"
"Jaroslav Petr","523 Živočišná produkce, genetika a šlechtění","Výzkumný ústav živočišné výroby, Praha 10 - Uhříněves","sub-branch","2007"
"Jiří Plachý","523 Živočišná produkce, genetika a šlechtění","Ústav molekulární genetiky AV ČR, Praha 4 - Krč","sub-branch","2007"
"Marie Rábová","523 Živočišná produkce, genetika a šlechtění","Ústav živočišné fyziologie a genetiky AV ČR, Liběchov","sub-branch","2007"
"Marek Šinkora","523 Živočišná produkce, genetika a šlechtění","Mikrobiologický ústav AV ČR, Nový Hrádek","sub-branch","2007"
"Vladimír Celer","524 Fyziologie a patologie zvířat","Veterinární a farmaceutická univerzita Brno Fakulta veterinárního lékařství Brno","sub-branch","2007"
"Božena Koubková","524 Fyziologie a patologie zvířat","Masarykova univerzita Přírodovědecká fakulta Brno","sub-branch","2007"
"Alois Kozubík","524 Fyziologie a patologie zvířat","Biofyzikální ústav AV ČR, Brno","sub-branch","2007"
"Ivan Rychlík","524 Fyziologie a patologie zvířat","Výzkumný ústav veterinárního lékařství, Brno-Medlánky","sub-branch","2007"
"Lenka Skálová","524 Fyziologie a patologie zvířat","Univerzita Karlova v Praze Farmaceutická fakulta Hradec Králové Hradec Králové","sub-branch","2007"
"Milan Tománek","524 Fyziologie a patologie zvířat","Výzkumný ústav živočišné výroby, Praha 10 - Uhříněves","sub-branch","2007"
"Zdeněk Bubník","525 Zemědělské produkty, potravinářství a ekotoxikologie","Vysoká škola chemicko-technologická v Praze Fakulta potravinářské a biochemické technologie Praha 6","sub-branch","2007"
"Jan Kopečný","525 Zemědělské produkty, potravinářství a ekotoxikologie","Ústav živočišné fyziologie a genetiky AV ČR, Praha 4 - Krč","sub-branch","2007"
"Martin Mandl","525 Zemědělské produkty, potravinářství a ekotoxikologie","Masarykova univerzita Přírodovědecká fakulta Brno","sub-branch","2007"
"Milada Plocková","525 Zemědělské produkty, potravinářství a ekotoxikologie","Vysoká škola chemicko-technologická v Praze Fakulta potravinářské a biochemické technologie Praha 6","sub-branch","2007"
"Slavomíra Vavreinová","525 Zemědělské produkty, potravinářství a ekotoxikologie","Výzkumný ústav potravinářský Praha, Praha 10","sub-branch","2007"
"Petr Baldrian","526 Péče o krajinu, lesy, půda","Mikrobiologický ústav AV ČR, Praha 4","sub-branch","2007"
"Luboš Borůvka","526 Péče o krajinu, lesy, půda","Česká zemědělská univerzita v Praze Fakulta agrobiologie, potravinových a přírodních zdrojů Praha 6-Suchdol","sub-branch","2007"
"Emil Cienciala","526 Péče o krajinu, lesy, půda","IFER - Ústav pro výzkum lesních ekosystémů, o provozovna Jílové u Prahy Jílové u Prahy","sub-branch","2007"
"Dana Elhottová","526 Péče o krajinu, lesy, půda","Biologické centrum AV ČR, Ústav půdní biologie České Budějovice","sub-branch","2007"
"Vilém Pavlů","526 Péče o krajinu, lesy, půda","Výzkumný ústav rostlinné výroby, Výzkumná stanice travních ekosystémů Liberec 11","sub-branch","2007"
"Martin Rulík","526 Péče o krajinu, lesy, půda","Univerzita Palackého v Olomouci Přírodovědecká fakulta Olomouc","sub-branch","2007"
"Vít Šrámek","526 Péče o krajinu, lesy, půda","Výzkumný ústav lesního hospodářství a myslivosti, Praha 5 - Zbraslav","sub-branch","2007"
"Tomáš Vrška","526 Péče o krajinu, lesy, půda","Výzkumný ústav Silva Taroucy pro krajinu a okrasné zahradnictví, oddělení ekologie lesa Brno","sub-branch","2007"
"Běla Bendlová","Molekulární biologie, genetika, experimentální onkologie","Endokrinologický ústav Praha 1","sub-branch","2007"
"Karel Bezouška","Molekulární biologie, genetika, experimentální onkologie","Univerzita Karlova v Praze Přírodovědecká fakulta Praha 2","sub-branch","2007"
"Tomáš Eckschlager","Molekulární biologie, genetika, experimentální onkologie","Fakultní nemocnice Motol Klinika dětské onkologie Praha 5 - Motol","sub-branch","2007"
"Josef Houštěk","Molekulární biologie, genetika, experimentální onkologie","Fyziologický ústav AV ČR, Praha 4","sub-branch","2007"
"Kyra Michalová","Molekulární biologie, genetika, experimentální onkologie","Všeobecná fakultní nemocnice Ústav klinické biochemie a laboratorní diagnostiky Praha 2","sub-branch","2007"
"Blanka Říhová","Molekulární biologie, genetika, experimentální onkologie","Mikrobiologický ústav AV ČR, Praha 4","sub-branch","2007"
"Jiří Šantavý","Molekulární biologie, genetika, experimentální onkologie","Univerzita Palackého v Olomouci Lékařská fakulta Olomouc","sub-branch","2007"
"Aleksi Šedo","Molekulární biologie, genetika, experimentální onkologie","Univerzita Karlova v Praze lékařská fakulta Praha 2","sub-branch","2007"
"Vladimír Tesař","Molekulární biologie, genetika, experimentální onkologie","Všeobecná fakultní nemocnice interní klinika Praha 2","sub-branch","2007"
"Jan Trka","Molekulární biologie, genetika, experimentální onkologie","Univerzita Karlova v Praze lékařská fakulta Praha 5 - Motol","sub-branch","2007"
"Bořivoj Vojtěšek","Molekulární biologie, genetika, experimentální onkologie","Masarykův onkologický ústav Brno","sub-branch","2007"
"Jan Borovanský","Biochemie, metabolismus a výživa",", FTI Univerzita Karlova v Praze lékařská fakulta Praha 2","sub-branch","2007"
"Richard Hampl","Biochemie, metabolismus a výživa","Endokrinologický ústav Praha 1","sub-branch","2007"
"Jiří Horáček","Biochemie, metabolismus a výživa","Univerzita Karlova v Praze Lékařská fakulta v Hradci Králové Hradec Králové","sub-branch","2007"
"Václav Pelouch","Biochemie, metabolismus a výživa","Univerzita Karlova v Praze lékařská fakulta Praha 5 - Motol","sub-branch","2007"
"Petr Svoboda","Biochemie, metabolismus a výživa","Fyziologický ústav AV ČR, Praha 4","sub-branch","2007"
"Jan Škrha","Biochemie, metabolismus a výživa","Univerzita Karlova v Praze lékařská fakulta Praha 2","sub-branch","2007"
"Eva Táborská","Biochemie, metabolismus a výživa","Masarykova univerzita Lékařská fakulta Brno","sub-branch","2007"
"Karel Vondra","Biochemie, metabolismus a výživa","Endokrinologický ústav Praha 1","sub-branch","2007"
"Ivan Votruba","Biochemie, metabolismus a výživa","Ústav organické chemie a biochemie AV ČR, Praha 6","sub-branch","2007"
"Jiří Wilhelm","Biochemie, metabolismus a výživa","Univerzita Karlova v Praze lékařská fakulta Praha 5","sub-branch","2007"
"Miloš Grim","Morfologické obory a experimentální chirurgie","Univerzita Karlova v Praze lékařská fakulta Praha 2","sub-branch","2007"
"Roman Kodet","Morfologické obory a experimentální chirurgie","Univerzita Karlova v Praze lékařská fakulta Praha 5 - Motol","sub-branch","2007"
"Lucie Kubínová","Morfologické obory a experimentální chirurgie","Fyziologický ústav AV ČR, Praha 4","sub-branch","2007"
"Václav Lichnovský","Morfologické obory a experimentální chirurgie","Univerzita Palackého v Olomouci Lékařská fakulta Olomouc","sub-branch","2007"
"Jaroslav Mokrý","Morfologické obory a experimentální chirurgie","Univerzita Karlova v Praze Lékařská fakulta v Hradci Králové Hradec Králové","sub-branch","2007"
"Ivan Raška","Morfologické obory a experimentální chirurgie","Univerzita Karlova v Praze lékařská fakulta Praha 2","sub-branch","2007"
"Alena Skálová","Morfologické obory a experimentální chirurgie","Univerzita Karlova v Praze Lékařská fakulta v Plzni Plzeň","sub-branch","2007"
"Pavel Anzenbacher","Fyziologické obory, farmakologie, toxikologie","Univerzita Palackého v Olomouci Lékařská fakulta Olomouc","sub-branch","2007"
"Luděk Červenka","Fyziologické obory, farmakologie, toxikologie","Institut klinické a experimentální medicíny Praha 4","sub-branch","2007"
"Zuzana Červinková","Fyziologické obory, farmakologie, toxikologie","Univerzita Karlova v Praze Lékařská fakulta v Hradci Králové Hradec Králové","sub-branch","2007"
"Vladimír Doležal","Fyziologické obory, farmakologie, toxikologie","Fyziologický ústav AV ČR, Praha 4","sub-branch","2007"
"Milan Holeček","Fyziologické obory, farmakologie, toxikologie","Univerzita Karlova v Praze Lékařská fakulta v Hradci Králové Hradec Králové","sub-branch","2007"
"Nataša Honzíková","Fyziologické obory, farmakologie, toxikologie","Masarykova univerzita Lékařská fakulta Brno","sub-branch","2007"
"Jiří Kassa","Fyziologické obory, farmakologie, toxikologie","Ministerstvo obrany Univerzita obrany Hradec Králové","sub-branch","2007"
"Miloslav Kršiak","Fyziologické obory, farmakologie, toxikologie","Univerzita Karlova v Praze lékařská fakulta Praha 10","sub-branch","2007"
"Jiří Paleček","Fyziologické obory, farmakologie, toxikologie","Fyziologický ústav AV ČR, Praha 4","sub-branch","2007"
"Richard Rokyta","Fyziologické obory, farmakologie, toxikologie","Univerzita Karlova v Praze lékařská fakulta Praha 2","sub-branch","2007"
"Daniela Řípová","Fyziologické obory, farmakologie, toxikologie","Psychiatrické centrum Praha Praha 8","sub-branch","2007"
"Anna Vašků","Fyziologické obory, farmakologie, toxikologie","Masarykova univerzita Lékařská fakulta Brno","sub-branch","2007"
"Zdeněk Zídek","Fyziologické obory, farmakologie, toxikologie","Ústav experimentální medicíny AV ČR, Praha 4","sub-branch","2007"
"Alexandr Chvátal","Neurovědy","Ústav experimentální medicíny AV ČR, Praha 4","sub-branch","2007"
"Jan Mareš","Neurovědy","Univerzita Karlova v Praze lékařská fakulta Praha 2","sub-branch","2007"
"Pavel Mohr","Neurovědy","Psychiatrické centrum Praha Praha 8","sub-branch","2007"
"Jiří Popelář","Neurovědy","Ústav experimentální medicíny AV ČR, Praha 4","sub-branch","2007"
"Evžen Růžička","Neurovědy","Univerzita Karlova v Praze lékařská fakulta Praha 2","sub-branch","2007"
"Alena Sumová","Neurovědy","Fyziologický ústav AV ČR, Praha 4","sub-branch","2007"
"Eva Syková","Neurovědy","Ústav experimentální medicíny AV ČR, Praha 4","sub-branch","2007"
"Jiřina Bartůňková","Mikrobiologie, imunologie, epidemiologie a hygiena","Univerzita Karlova v Praze lékařská fakulta Praha 5 - Motol","sub-branch","2007"
"Kateřina Demnerová","Mikrobiologie, imunologie, epidemiologie a hygiena","Vysoká škola chemicko-technologická v Praze Fakulta potravinářské a biochemické technologie Praha 6","sub-branch","2007"
"Šárka Němečková","Mikrobiologie, imunologie, epidemiologie a hygiena","Ústav hematologie a krevní transfúze Praha 2","sub-branch","2007"
"Pavel Souček","Mikrobiologie, imunologie, epidemiologie a hygiena","Státní zdravotní ústav Centrum HPNP Praha 10","sub-branch","2007"
"David Šmajs","Mikrobiologie, imunologie, epidemiologie a hygiena","Masarykova univerzita Lékařská fakulta Brno","sub-branch","2007"
"Helena Tlaskalová-Hogenová","Mikrobiologie, imunologie, epidemiologie a hygiena","Mikrobiologický ústav AV ČR, Praha 4","sub-branch","2007"
"Jan Topinka","Mikrobiologie, imunologie, epidemiologie a hygiena","Ústav experimentální medicíny AV ČR, Praha 4","sub-branch","2007"
"Pavel Vodička","Mikrobiologie, imunologie, epidemiologie a hygiena","Ústav experimentální medicíny AV ČR, Praha 4","sub-branch","2007"
"Pavel Baran","Filosofie, teologie a religionistika","Filosofický ústav AV ČR, Praha 1","sub-branch","2007"
"Radim Brázda","Filosofie, teologie a religionistika","Masarykova univerzita Filozofická fakulta Brno","sub-branch","2007"
"Josef Dolista","Filosofie, teologie a religionistika",", Jihočeská univerzita v Českých Budějovicích Zdravotně sociální fakulta České Budějovice","sub-branch","2007"
"Marie Duží","Filosofie, teologie a religionistika","Vysoká škola báňská - Technická univerzita Ostrava Fakulta elektrotechniky a informatiky Ostrava 4","sub-branch","2007"
"Aleš Havlíček","Filosofie, teologie a religionistika","OIKOYMENH, občanské sdružení Praha 5","sub-branch","2007"
"Petr Koťátko","Filosofie, teologie a religionistika","Filosofický ústav AV ČR, Praha 1","sub-branch","2007"
"Zdeněk Kučera","Filosofie, teologie a religionistika","Univerzita Hradec Králové Pedagogická fakulta Hradec Králové","sub-branch","2007"
"Jan Blahoslav","Filosofie, teologie a religionistika","Lášek Univerzita Karlova v Praze Husitská teologická fakulta Praha 4 - Krč","sub-branch","2007"
"Milan Mráz","Filosofie, teologie a religionistika","Filosofický ústav AV ČR, Praha 1","sub-branch","2007"
"Ladislav Tichý","Filosofie, teologie a religionistika","Univerzita Palackého v Olomouci Cyrilometodějská teologická fakulta Olomouc","sub-branch","2007"
"David Václavík","Filosofie, teologie a religionistika","Masarykova univerzita Filozofická fakulta Brno","sub-branch","2007"
"Anna Čermáková","Ekonomické vědy","Jihočeská univerzita v Českých Budějovicích Ekonomická fakulta České Budějovice","sub-branch","2007"
"Jana Hančlová","Ekonomické vědy","Vysoká škola báňská - Technická univerzita Ostrava Ostrava-Poruba","sub-branch","2007"
"Josef Hurta","Ekonomické vědy","CSc Univerzita Tomáše Bati ve Zlíně Fakulta managementu a ekonomiky ve Zlíně Zlín","sub-branch","2007"
"Vratislav Izák","Ekonomické vědy","Vysoká škola ekonomická v Praze Fakulta financí a účetnictví Praha 3","sub-branch","2007"
"Josef Jablonský","Ekonomické vědy","Vysoká škola ekonomická v Praze Fakulta informatiky a statistiky Praha 3","sub-branch","2007"
"Karel Janda","Ekonomické vědy","Univerzita Karlova v Praze Fakulta sociálních věd Praha 1","sub-branch","2007"
"Vlasta Kaňková","Ekonomické vědy","Ústav teorie informace a automatizace AV ČR, Praha 8","sub-branch","2007"
"Jiří Kern","Ekonomické vědy","Vysoká škola báňská - Technická univerzita Ostrava Ekonomická fakulta Ostrava 1","sub-branch","2007"
"Evžen Kočenda","Ekonomické vědy","Univerzita Karlova v Praze CERGE UK Praha 1","sub-branch","2007"
"Lumír Kulhánek","Ekonomické vědy","Slezská univerzita v Opavě Obchodně podnikatelská fakulta v Karviné Karviná","sub-branch","2007"
"Martin Macháček","Ekonomické vědy","Vysoká škola báňská - Technická univerzita Ostrava Ekonomická fakulta Ostrava 1","sub-branch","2007"
"Petr Marek","Ekonomické vědy","Vysoká škola ekonomická v Praze Fakulta financí a účetnictví Praha 3","sub-branch","2007"
"Michal Mejstřík","Ekonomické vědy","Univerzita Karlova v Praze Fakulta sociálních věd Praha 1","sub-branch","2007"
"Petr Musílek","Ekonomické vědy","Vysoká škola ekonomická v Praze Fakulta financí a účetnictví Praha 3","sub-branch","2007"
"Stanislav Polouček","Ekonomické vědy","Slezská univerzita v Opavě Obchodně podnikatelská fakulta v Karviné Karviná","sub-branch","2007"
"Ondřej Schneider","Ekonomické vědy","Univerzita Karlova v Praze Fakulta sociálních věd Praha 1","sub-branch","2007"
"Miloslav Vošvrda","Ekonomické vědy","Ústav teorie informace a automatizace AV ČR, Praha 8","sub-branch","2007"
"Milan Žák","Ekonomické vědy","Grantový fond VŠEM, Praha 2","sub-branch","2007"
"Ladislav Cabada","Sociologie","Západočeská univerzita v Plzni Plzeň","sub-branch","2007"
"Dušan Drbohlav","Sociologie","Univerzita Karlova v Praze Přírodovědecká fakulta Praha 2","sub-branch","2007"
"Hynek Jeřábek","Sociologie","Univerzita Karlova v Praze Fakulta sociálních věd Praha 5","sub-branch","2007"
"Jan Jirák","Sociologie","Univerzita Karlova v Praze Fakulta sociálních věd Praha 1","sub-branch","2007"
"Jiří Kabele","Sociologie","Univerzita Karlova v Praze Fakulta sociálních věd Praha 1","sub-branch","2007"
"Jaroslava Kadeřábková","Sociologie","Vysoká škola ekonomická v Praze Fakulta národohospodářská Praha 3","sub-branch","2007"
"Martin Kreidl","Sociologie",", Západočeská univerzita v Plzni Fakulta filozofická Plzeň","sub-branch","2007"
"Petr Matějů","Sociologie","Sociologický ústav AV ČR, Praha 1","sub-branch","2007"
"Karel Müller","Sociologie","Univerzita Karlova v Praze Fakulta humanitních studií Praha 5","sub-branch","2007"
"Pavel Navrátil","Sociologie","Masarykova univerzita Fakulta sociálních studií Brno","sub-branch","2007"
"Igor Nosál","Sociologie","Masarykova univerzita Fakulta sociálních studií Brno","sub-branch","2007"
"Petr Pavlík","Sociologie","Univerzita Karlova v Praze Fakulta humanitních studií Praha 5","sub-branch","2007"
"et Klára","Sociologie","Plecitá Sociologický ústav AV ČR, Praha 1","sub-branch","2007"
"Dan Ryšavý","Sociologie","Univerzita Palackého v Olomouci Filozofická fakulta Olomouc","sub-branch","2007"
"Marek Skovajsa","Sociologie",", Sociologický ústav AV ČR, Praha 1","sub-branch","2007"
"Bohuslav Šalanda","Sociologie","Univerzita Pardubice Fakulta filozofická Pardubice","sub-branch","2007"
"Iva Šmídová","Sociologie","Masarykova univerzita Fakulta sociálních studií Brno","sub-branch","2007"
"Jiří Šubrt","Sociologie","Univerzita Karlova v Praze Filozofická fakulta Praha 1","sub-branch","2007"
"Ivana Čornejová","Historické vědy, národopis","Univerzita Karlova v Praze Ústav dějin Univerzity Karlovy a archiv Univerzity Karlovy Praha 1","sub-branch","2007"
"Zdeněk Dragoun","Historické vědy, národopis","Národní památkový ústav Praha 1","sub-branch","2007"
"Petr Drda","Historické vědy, národopis","Archeologický ústav AV ČR, Praha, Praha 1","sub-branch","2007"
"Josef Grulich","Historické vědy, národopis","Jihočeská univerzita v Českých Budějovicích Filozofická fakulta České Budějovice","sub-branch","2007"
"Milan Hlavačka","Historické vědy, národopis","Univerzita Karlova v Praze Filozofická fakulta Praha 1","sub-branch","2007"
"Libor Jan","Historické vědy, národopis","Masarykova univerzita Filozofická fakulta Brno","sub-branch","2007"
"Bohuslav Klíma","Historické vědy, národopis","Masarykova univerzita Pedagogická fakulta Brno","sub-branch","2007"
"Tomáš Krejčík","Historické vědy, národopis","Ostravská univerzita v Ostravě Filozofická fakulta Ostrava 1","sub-branch","2007"
"Milena Lenderová","Historické vědy, národopis","Univerzita Pardubice Fakulta filozofická Pardubice","sub-branch","2007"
"Václav Matoušek","Historické vědy, národopis","Univerzita Karlova v Praze Fakulta humanitních studií Praha 5","sub-branch","2007"
"Hana Pátková","Historické vědy, národopis","Univerzita Karlova v Praze Filozofická fakulta Praha 1","sub-branch","2007"
"Stanislav Stuchlík","Historické vědy, národopis","Slezská univerzita v Opavě Filozoficko-přírodovědecká fakulta Opava","sub-branch","2007"
"Jaroslav Tejral","Historické vědy, národopis","Archeologický ústav AV ČR, Brno, Brno","sub-branch","2007"
"Lubomír Tyllner","Historické vědy, národopis","Etnologický ústav AV ČR, Praha 1","sub-branch","2007"
"Petr Vorel","Historické vědy, národopis","Východočeské muzeum Pardubice","sub-branch","2007"
"František Vrhel","Historické vědy, národopis","Univerzita Karlova v Praze Filozofická fakulta Praha 1","sub-branch","2007"
"Daša Bartoňková","Filologie","Masarykova univerzita Filozofická fakulta Brno","sub-branch","2007"
"Jana Bartůňková","Filologie","Univerzita Hradec Králové Pedagogická fakulta Hradec Králové","sub-branch","2007"
"Michal Bauer","Filologie","Jihočeská univerzita v Českých Budějovicích Filozofická fakulta České Budějovice","sub-branch","2007"
"Vlasta Hlavičková","Filologie","Vysoká škola ekonomická v Praze Fakulta mezinárodních vztahů Praha 3","sub-branch","2007"
"Jana Hoffmannová","Filologie","Ústav pro jazyk český AV ČR, Praha 1","sub-branch","2007"
"Jiří Holý","Filologie","Univerzita Karlova v Praze Filozofická fakulta Praha 1","sub-branch","2007"
"Tomáš Hoskovec","Filologie","Masarykova univerzita Filozofická fakulta Brno","sub-branch","2007"
"Ilona Janyšková","Filologie","Ústav pro jazyk český AV ČR, Brno","sub-branch","2007"
"Pavel Kolář","Filologie","Slezská univerzita v Opavě Filozoficko-přírodovědecká fakulta Opava","sub-branch","2007"
"Jaroslav Kovář","Filologie","Masarykova univerzita Filozofická fakulta Brno","sub-branch","2007"
"Oldřich Král","Filologie","Univerzita Karlova v Praze Filozofická fakulta Praha 1","sub-branch","2007"
"Jarmila Panevová","Filologie","Univerzita Karlova v Praze Matematicko-fyzikální fakulta Praha 1","sub-branch","2007"
"Václav Petrbok","Filologie","Ústav pro českou literaturu AV ČR, Praha 1","sub-branch","2007"
"Michal Přibáň","Filologie","Ústav pro českou literaturu AV ČR, Brno","sub-branch","2007"
"Irena Přibylová","Filologie","Masarykova univerzita Pedagogická fakulta Brno","sub-branch","2007"
"Hana Srpová","Filologie","Ostravská univerzita v Ostravě Filozofická fakulta Ostrava 1","sub-branch","2007"
"Jana Svobodová","Filologie","Ostravská univerzita v Ostravě Ostrava 1","sub-branch","2007"
"Hana Šedinová","Filologie","Filosofický ústav AV ČR, Kabinet pro klasická studia Praha 1","sub-branch","2007"
"Vojtěch Gajda","Psychologie, pedagogika","Ostravská univerzita v Ostravě Pedagogická fakulta Ostrava","sub-branch","2007"
"Ilona Gillernová","Psychologie, pedagogika","Univerzita Karlova v Praze Filozofická fakulta Praha 1","sub-branch","2007"
"Milan Hejný","Psychologie, pedagogika","Univerzita Karlova v Praze Pedagogická fakulta Praha 1","sub-branch","2007"
"Vladimír Kebza","Psychologie, pedagogika","Státní zdravotní ústav Praha 10","sub-branch","2007"
"Miloš Kučera","Psychologie, pedagogika","Univerzita Karlova v Praze Pedagogická fakulta Praha 1","sub-branch","2007"
"Pavel Mühlpachr","Psychologie, pedagogika","Masarykova univerzita Pedagogická fakulta Brno","sub-branch","2007"
"Michaela Píšová","Psychologie, pedagogika","D, Univerzita Pardubice Fakulta filozofická Pardubice","sub-branch","2007"
"Milada Rabušicová","Psychologie, pedagogika","Masarykova univerzita Filozofická fakulta Brno","sub-branch","2007"
"Evžen Řehulka","Psychologie, pedagogika","Masarykova univerzita Pedagogická fakulta Brno","sub-branch","2007"
"Julius Sekera","Psychologie, pedagogika","Ostravská univerzita v Ostravě Pedagogická fakulta Ostrava","sub-branch","2007"
"Eva Souralová","Psychologie, pedagogika","Univerzita Palackého v Olomouci Pedagogická fakulta Olomouc","sub-branch","2007"
"Jitka Šimíčková-Čížková","Psychologie, pedagogika","Ostravská Univerzita Pedagogická fakulta Ostrava","sub-branch","2007"
"Vlastimil Švec","Psychologie, pedagogika","Univerzita Tomáše Bati ve Zlíně Fakulta humanitních studií Zlím","sub-branch","2007"
"Mojmír Tyrlík","Psychologie, pedagogika","Masarykova univerzita Filozofická fakulta Brno","sub-branch","2007"
"Alena Vališová","Psychologie, pedagogika","Univerzita Karlova v Praze Filozofická fakulta Praha 1","sub-branch","2007"
"Helena Záškodná","Psychologie, pedagogika","Jihočeská univerzita v Českých Budějovicích Zdravotně sociální fakulta České Budějovice","sub-branch","2007"
"Karolina Adamová","Právní vědy, politologie","Ústav státu a práva AV ČR, Praha 1","sub-branch","2007"
"Martin Boháček","Právní vědy, politologie","Vysoká škola ekonomická v Praze Fakulta mezinárodních vztahů Praha 3","sub-branch","2007"
"Bořivoj Hnízdo","Právní vědy, politologie","Univerzita Karlova v Praze Filozofická fakulta Praha 1","sub-branch","2007"
"Drahomíra Houbová","Právní vědy, politologie","Masarykova univerzita Právnická fakulta Brno","sub-branch","2007"
"Marie Karfíková","Právní vědy, politologie","Univerzita Karlova v Praze Právnická fakulta Praha 1","sub-branch","2007"
"Michal Klíma","Právní vědy, politologie","Vysoká škola ekonomická v Praze Fakulta mezinárodních vztahů Praha 3","sub-branch","2007"
"Tatiana Machalová","Právní vědy, politologie",", Masarykova univerzita Právnická fakulta Brno","sub-branch","2007"
"Ján Matejka","Právní vědy, politologie","Ústav státu a práva AV ČR, Praha 1","sub-branch","2007"
"František Novák","Právní vědy, politologie","Ústav státu a práva AV ČR, Praha 1","sub-branch","2007"
"Monika Pauknerová","Právní vědy, politologie","Ústav státu a práva AV ČR, Praha 1","sub-branch","2007"
"Jana Reschová","Právní vědy, politologie","Vysoká škola ekonomická v Praze Fakulta mezinárodních vztahů Praha 3","sub-branch","2007"
"Lenka Rovná","Právní vědy, politologie","Univerzita Karlova v Praze Fakulta sociálních věd Praha 1","sub-branch","2007"
"Milan Znoj","Právní vědy, politologie","Univerzita Karlova v Praze Filozofická fakulta Praha 1","sub-branch","2007"
"Jarmila Doubravová","Estetika, hudební věda a vědy o umění","Praha 10","sub-branch","2007"
"Roman Dykast","Estetika, hudební věda a vědy o umění","Akademie múzických umění v Praze Hudební fakulta Praha 1","sub-branch","2007"
"Leoš Faltus","Estetika, hudební věda a vědy o umění","Janáčkova akademie múzických umění v Brně Hudební fakulta Brno","sub-branch","2007"
"Július Gajdoš","Estetika, hudební věda a vědy o umění","Masarykova univerzita Filozofická fakulta Brno","sub-branch","2007"
"Jana Hlaváčková","Estetika, hudební věda a vědy o umění","Univerzita Karlova v Praze Filozofická fakulta Praha 1","sub-branch","2007"
"Ondřej Jakubec","Estetika, hudební věda a vědy o umění","Muzeum umění Olomouc, státní příspěvková organizace Olomouc","sub-branch","2007"
"Petra Hanáková","Estetika, hudební věda a vědy o umění",", Univerzita Karlova v Praze Filozofická fakulta Praha 1","sub-branch","2007"
"Vojtěch Lahoda","Estetika, hudební věda a vědy o umění","Ústav dějin umění AV ČR, Praha 1","sub-branch","2007"
"Jiří Luska","Estetika, hudební věda a vědy o umění","Univerzita Palackého v Olomouci Pedagogická fakulta Olomouc","sub-branch","2007"
"Taťána Petrasová","Estetika, hudební věda a vědy o umění","Ústav dějin umění AV ČR, Praha 1","sub-branch","2007"
"Alena Pomajzlová","Estetika, hudební věda a vědy o umění","Masarykova univerzita Filozofická fakulta Brno","sub-branch","2007"
"Karel Steinmetz","Estetika, hudební věda a vědy o umění","Univerzita Palackého v Olomouci Pedagogická fakulta Olomouc","sub-branch","2007"
"Jaroslav Vostrý","Estetika, hudební věda a vědy o umění","Akademie múzických umění v Praze Divadelní fakulta Praha 1","sub-branch","2007"
"Jana Burešová","Dějiny 19. a 20. století","Univerzita Palackého v Olomouci Filozofická fakulta Olomouc","sub-branch","2007"
"Vratislav Doubek","Dějiny 19. a 20. století","Univerzita Karlova v Praze Filozofická fakulta Praha 5","sub-branch","2007"
"Eva Gregorovičová","Dějiny 19. a 20. století","Národní archiv Praha 4 Chodovec","sub-branch","2007"
"Ladislav Hladký","Dějiny 19. a 20. století","Historický ústav AV ČR, Brno","sub-branch","2007"
"Bohumil Jiroušek","Dějiny 19. a 20. století","Jihočeská univerzita v Českých Budějovicích Filozofická fakulta České Budějovice","sub-branch","2007"
"Jiří Knapík","Dějiny 19. a 20. století","Slezská univerzita v Opavě Filozoficko-přírodovědecká fakulta Opava","sub-branch","2007"
"Barbara Köpplová","Dějiny 19. a 20. století","Univerzita Karlova v Praze Fakulta sociálních věd Praha 1","sub-branch","2007"
"Jiří Pokorný","Dějiny 19. a 20. století","Univerzita Karlova v Praze Pedagogická fakulta Praha 1","sub-branch","2007"
"Hana Svatošová","Dějiny 19. a 20. století","Magistrát Prahy odbor Archiv Prahy Praha 4","sub-branch","2007"
"Kamil Štěpánek","Dějiny 19. a 20. století","Masarykova univerzita Pedagogická fakulta Brno","sub-branch","2007"
"Miroslav Vaněk","Dějiny 19. a 20. století","Ústav pro soudobé dějiny AV ČR, Praha 1","sub-branch","2007"
"Václav Vondrášek","Dějiny 19. a 20. století","Ministerstvo obrany Univerzita obrany Brno","sub-branch","2007"
"Aleš Zářický","Dějiny 19. a 20. století","Ostravská univerzita v Ostravě Filozofická fakulta Ostrava 1","sub-branch","2007"
